,content,timestamp,reactions,share,audio_files,photos,videos,call_duration
0,eoin__b reacted â¤ï¸ to your message ,2024-01-01 13:10:31,[],,,,,
1,Don't know if it's too early to start the count...,2024-01-01 13:18:47,[],,,,,
2,1 last night,2024-01-01 13:18:51,[],,,,,
3,2 now,2024-01-01 13:18:54,[],,,,,
4,This is a judgement free chat ð¡,2024-01-01 13:19:40,"['Eoin', 'Dan', 'Ros']",,,,,
5,Respect ð¤,2024-01-01 13:27:45,"['Eoin', 'Soumia']",,,,,
6,eoin__b reacted â¤ï¸ to your message ,2024-01-01 15:16:39,[],,,,,
7,eoin__b reacted â¤ï¸ to your message ,2024-01-01 15:16:56,[],,,,,
8,eoin__b reacted â¤ï¸ to your message ,2024-01-01 15:17:05,[],,,,,
9,eoin__b reacted â¤ï¸ to your message ,2024-01-01 15:17:13,[],,,,,
10,eoin__b reacted â¤ï¸ to your message ,2024-01-01 15:17:30,[],,,,,
11,eoin__b reacted â¤ï¸ to your message ,2024-01-01 15:17:43,[],,,,,
12,eoin__b reacted ð to your message ,2024-01-01 15:18:01,[],,,,,
13,eoin__b reacted â¤ï¸ to your message ,2024-01-01 15:18:25,[],,,,,
14,3,2024-01-01 22:25:06,[],,,,,
15,"Don't flatter yourself, you were tied in first but it was short lived xo",2024-01-01 22:25:35,[],,,,,
16,If it has to be poop themed then have a shitty birthday Dex ð©ð«¶,2024-01-02 01:18:11,"['Eoin', 'Soumia', 'Dex']",,,,,
17,4,2024-01-02 12:44:29,[],,,,,
18,,2024-01-02 12:45:24,"['Eoin', 'Soumia', 'Katie', 'Conan', 'Dex']",{'link': 'https://media0.giphy.com/media/v1.Y2lkPTQyMzA0NmQweWR2Ym0ydGtvZHR3aHZ5dW5jMGtkZzl5OWVhc25obThvZjVpbG56ZSZlcD12MV9naWZzX2dpZklkJmN0PWc/nqYXNf3aK6EvK/200.gif'},,,,
19,eoin__b reacted â¤ï¸ to your message ,2024-01-02 20:51:50,[],,,,,
20,eoin__b reacted â¤ï¸ to your message ,2024-01-02 20:53:23,[],,,,,
21,My new favourite voice recording in this chat,2024-01-02 20:57:31,"['Eoin', 'Jack']",,,,,
22,I would also like to inform you I was actively updating my count while scrolling back through all of that. Shout out to Jack and Stephen for serenading me with those pieces of music while I shat â¤ï¸,2024-01-02 21:00:48,"['Eoin', 'Stephen', 'Jack']",,,,,
23,5,2024-01-02 21:00:50,"['Eoin', 'Soumia']",,,,,
24,https://vm.tiktok.com/ZGe2j31Xc/,2024-01-03 11:19:31,[],"{'link': 'https://vm.tiktok.com/ZGe2j31Xc/', 'share_text': 'https://vm.tiktok.com/ZGe2j31Xc/'}",,,,
25,eoin__b reacted â¤ï¸ to your message ,2024-01-03 17:01:35,[],,,,,
26,6,2024-01-03 17:15:37,[],,,,,
27,Actively happening,2024-01-03 17:15:41,[],,,,,
28,Just finished up. 8/10 relieving after work poop. 15 mins of scrolling memes while pooping. 10/10 will do again,2024-01-03 17:30:46,"['Eoin', 'Stephen', 'Soumia']",,,,,
29,"Jack is right, it's the energy drink from breakfast and a big dirty chicken roll for lunch ð",2024-01-03 19:07:09,"['Eoin', 'Stephen', 'Soumia', 'Dex']",,,,,
30,I helped ð¤,2024-01-03 19:12:22,"['Eoin', 'Dan', 'Dex']",,,,,
31,https://vm.tiktok.com/ZGe2U6Rqe/,2024-01-04 07:23:14,[],"{'link': 'https://vm.tiktok.com/ZGe2U6Rqe/', 'share_text': 'https://vm.tiktok.com/ZGe2U6Rqe/'}",,,,
32,https://vm.tiktok.com/ZGe2UD7uh/,2024-01-04 07:23:47,"['Eoin', 'Soumia']","{'link': 'https://vm.tiktok.com/ZGe2UD7uh/', 'share_text': 'https://vm.tiktok.com/ZGe2UD7uh/'}",,,,
33,You pee when you poo so I think this is still valid in this chat,2024-01-04 07:23:58,[],,,,,
34,"No, we don't need your permission",2024-01-04 16:46:28,"['Eoin', 'Ros']",,,,,
35,7,2024-01-04 16:46:31,[],,,,,
36,I wish it was in Ros' toilet ð¢,2024-01-04 16:46:43,"['Eoin', 'Soumia']",,,,,
37,"Based on our poop frequency from last year, probably us two ð«¶",2024-01-04 18:30:52,"['Eoin', 'Soumia', 'Conan']",,,,,
38,Did they really have to end the video like that?,2024-01-04 22:59:51,[],,,,,
39,8,2024-01-05 18:36:36,"['Eoin', 'Stephen', 'Soumia']",,,,,
40,9,2024-01-06 10:19:57,[],,,,,
41,eoin__b reacted â¤ï¸ to your message ,2024-01-06 13:18:59,[],,,,,
42,10,2024-01-06 13:37:07,[],,,,,
43,Hahhaa,2024-01-06 13:47:05,[],,,,,
44,I'm thinking Stephen might actually be my biggest competition this year until Conan picks up his pace,2024-01-06 13:47:38,[],,,,,
45,11 ð,2024-01-06 17:11:57,[],,,,,
46,Yall might not believe this but...,2024-01-06 20:18:12,[],,,,,
47,12,2024-01-06 20:18:14,"['Eoin', 'Soumia']",,,,,
48,Nope. Solid poops just irritated bowels,2024-01-06 20:39:07,"['Eoin', 'Dan']",,,,,
49,âï¸,2024-01-06 20:39:22,[],,,,,
50,I don't know which of us is more unhealthy based on that ð,2024-01-06 20:48:13,[],,,,,
51,eoin__b reacted â¤ï¸ to your message ,2024-01-06 23:27:37,[],,,,,
52,eoin__b reacted â¤ï¸ to your message ,2024-01-06 23:27:42,[],,,,,
53,eoin__b reacted â¤ï¸ to your message ,2024-01-06 23:28:16,[],,,,,
54,Damn I read this after voting,2024-01-06 23:29:03,"['Eoin', 'Dan', 'Soumia']",,,,,
55,,2024-01-07 11:51:17,[],,,"[{'uri': 'your_instagram_activity/messages/inbox/weaponsofassdestruction_6833428546725359/photos/412158005_352859317479747_5705814044644654201_n_338840382247446.jpg', 'creation_timestamp': 1704628276}]",,
56,13,2024-01-07 13:20:40,['Soumia'],,,,,
57,Assuming Dex pooped on his birthday then I'm not the first birthday poop of the year ð¥²,2024-01-07 13:21:12,"['Eoin', 'Jack', 'Soumia', 'Dex']",,,,,
58,Up those numbers ðª,2024-01-07 13:24:16,[],,,,,
59,I just poop every time I have a big meal,2024-01-07 13:24:27,[],,,,,
60,eoin__b reacted ð® to your message ,2024-01-07 18:19:10,[],,,,,
61,eoin__b reacted â¤ï¸ to your message ,2024-01-07 18:19:20,[],,,,,
62,eoin__b reacted â¤ï¸ to your message ,2024-01-07 18:19:29,[],,,,,
63,eoin__b reacted â¤ï¸ to your message ,2024-01-07 18:19:45,[],,,,,
64,"If it makes you feel better, I voted Ros and I think that's valid ð¤ð",2024-01-07 19:25:58,"['Eoin', 'Soumia']",,,,,
65,I had a lot of Spanish Tapas. Watch my update another 3 tomorrow ð,2024-01-07 19:26:22,[],,,,,
66,eoin__b reacted ð to your message ,2024-01-07 19:26:33,[],,,,,
67,Fair,2024-01-07 19:26:36,[],,,,,
68,eoin__b reacted â¤ï¸ to your message ,2024-01-07 19:28:41,[],,,,,
69,14,2024-01-07 22:10:15,[],,,,,
70,In 7 days. I'm liking this ratio ð,2024-01-07 22:10:26,[],,,,,
71,15,2024-01-08 09:13:29,[],,,,,
72,In a temporary toilet on the construction site. The OG shit group know it. I shall send a photo of the setup later. Love manually flushing a toilet with a bucket of water ð,2024-01-08 09:14:18,[],,,,,
73,,2024-01-08 09:18:28,"['Eoin', 'Dan', 'Ros', 'Soumia']",,,"[{'uri': 'your_instagram_activity/messages/inbox/weaponsofassdestruction_6833428546725359/photos/413902954_1403124570279642_7490822668249652075_n_1403124566946309.jpg', 'creation_timestamp': 1704705507}]",,
74,As glorious as it sounds,2024-01-08 09:18:34,[],,,,,
75,16,2024-01-08 17:41:50,[],,,,,
76,Relieved the cramps ð¤,2024-01-08 17:42:08,"['Eoin', 'Dan', 'Soumia']",,,,,
77,Don't ð,2024-01-08 18:30:52,[],,,,,
78,17,2024-01-09 16:45:04,['Soumia'],,,,,
79,Yay we get to share the judgement ð¤,2024-01-09 19:25:13,[],,,,,
80,I've been overtaken ð,2024-01-09 20:26:39,[],,,,,
81,BRB eating an oven pizza,2024-01-09 20:26:48,"['Eoin', 'Dan', 'Conan']",,,,,
82,,2024-01-09 20:27:10,"['Eoin', 'Soumia']",,,[{'uri': 'your_instagram_activity/messages/inbox/weaponsofassdestruction_6833428546725359/photos/418477118_341841945325494_7629490666555595625_n_221903040974624'}],,
83,Does this count as doping?,2024-01-09 20:27:14,[],,,,,
84,"Nah, this is elite",2024-01-09 20:27:36,[],,,,,
85,At least someone gets it,2024-01-09 20:28:04,"['Eoin', 'Soumia']",,,,,
86,Don't make it sound even better,2024-01-09 20:28:29,[],,,,,
87,"When 5 of us live at home, we used to go through a min of 15L of milk in a week. Also never broken a bone âï¸",2024-01-09 20:29:34,"['Eoin', 'Soumia']",,,,,
88,Lived*,2024-01-09 20:29:45,[],,,,,
89,Now that's gross,2024-01-09 20:30:40,[],,,,,
90,Normal,2024-01-09 20:30:48,[],,,,,
91,Weird,2024-01-09 20:30:53,[],,,,,
92,,2024-01-09 20:31:41,[],,,[{'uri': 'your_instagram_activity/messages/inbox/weaponsofassdestruction_6833428546725359/photos/416841802_237799442604426_8193973412409648994_n_937944491263784'}],,
93,All this talk of milk made me pour another glass,2024-01-09 20:31:52,[],,,,,
94,"Yes, a very typical combination",2024-01-09 20:59:56,['Soumia'],,,,,
95,18,2024-01-10 09:09:22,"['Eoin', 'Soumia']",,,,,
96,The oven pizza worked wonders,2024-01-10 09:09:30,[],,,,,
97,Also that was in the Shrek outhouse on company time ð,2024-01-10 09:09:44,"['Eoin', 'Dan']",,,,,
98,You know it ð,2024-01-10 11:12:41,"['Eoin', 'Dan']",,,,,
99,19,2024-01-10 16:36:52,[],,,,,
100,Got splash back ð,2024-01-10 16:37:07,"['Eoin', 'Dan', 'Soumia', 'Katie']",,,,,
101,I'm impressed. I think that's the closest two updates have been,2024-01-10 22:10:33,[],,,,,
102,Damn,2024-01-10 22:33:22,[],,,,,
103,Ay that's normally my job,2024-01-10 22:33:40,"['Eoin', 'Dan', 'Soumia']",,,,,
104,20,2024-01-11 17:31:21,"['Eoin', 'Dan', 'Soumia']",,,,,
105,https://vm.tiktok.com/ZGejGPukQ/,2024-01-11 18:39:19,[],"{'link': 'https://vm.tiktok.com/ZGejGPukQ/', 'share_text': 'https://vm.tiktok.com/ZGejGPukQ/'}",,,,
106,Real footage of me drinking pints of milk,2024-01-11 18:39:34,"['Eoin', 'Soumia']",,,,,
107,,2024-01-11 18:39:48,[],,,[{'uri': 'your_instagram_activity/messages/inbox/weaponsofassdestruction_6833428546725359/photos/418947654_223398670822703_4143826953049483461_n_304251425950459'}],,
108,Drinking one as I sent this,2024-01-11 18:39:53,[],,,,,
109,21,2024-01-12 08:41:27,"['Eoin', 'Soumia']",,,,,
110,In the Shrek shack again,2024-01-12 08:41:34,[],,,,,
111,I think that's onto 4 this year. That's 4 times I've had to manually flush my poo away with a bucket of water. Very humbling,2024-01-12 11:38:48,"['Eoin', 'Dan', 'Soumia']",,,,,
112,22,2024-01-12 15:57:28,"['Eoin', 'Soumia']",,,,,
113,Someone else's house I'm working in,2024-01-12 15:57:34,"['Eoin', 'Dan']",,,,,
114,23,2024-01-12 22:55:24,"['Eoin', 'Soumia']",,,,,
115,The Doner kebab made it three in a day,2024-01-12 22:55:36,"['Eoin', 'Dan', 'Conan']",,,,,
116,Why thank you ð¤,2024-01-12 22:58:22,[],,,,,
117,Thank you for the compliment ð¤,2024-01-12 23:02:33,['Katie'],,,,,
118,Your large intestines???,2024-01-12 23:05:04,[],,,,,
119,ðð¸ð²ð· sent an attachment.,2024-01-12 23:23:30,[],"{'link': 'https://www.instagram.com/reel/CyxWSwcu2c3/?id=3220453254542092087_7112517111', 'share_text': '', 'original_content_owner': 'edscanor'}",,,,
120,"But if the lord is arguably not a truth, then you're not a truther? ð¤",2024-01-12 23:26:03,[],,,,,
121,Well played Soumia. Well played,2024-01-12 23:30:30,"['Eoin', 'Soumia']",,,,,
122,ðð¸ð²ð· sent an attachment.,2024-01-12 23:48:59,[],,,,,
123,"But how do ""average millenials"" spend $160 on food A WEEK? That's wild",2024-01-12 23:57:30,[],,,,,
124,24,2024-01-13 10:33:07,"['Eoin', 'Soumia']",,,,,
125,25,2024-01-13 16:34:41,"['Eoin', 'Soumia']",,,,,
126,26,2024-01-14 10:44:40,"['Eoin', 'Soumia']",,,,,
127,Relieved me of the cramps,2024-01-14 10:44:56,[],,,,,
128,"Idk, we just vibe with it. Probably a gluten intolerance but that's for future Eoin to uncover",2024-01-14 11:52:09,"['Eoin', 'Dan']",,,,,
129,eoin__b reacted ð® to your message ,2024-01-14 17:28:59,[],,,,,
130,27,2024-01-14 17:30:28,"['Eoin', 'Soumia']",,,,,
131,Post shopping kind of poop,2024-01-14 17:30:36,"['Eoin', 'Soumia']",,,,,
132,28,2024-01-15 10:21:30,"['Eoin', 'Soumia']",,,,,
133,In the shrek shack again,2024-01-15 10:21:37,[],,,,,
134,ðð¸ð²ð· sent an attachment.,2024-01-16 07:56:12,[],"{'link': 'https://www.instagram.com/reel/C2JSASxLHdY/?id=3281232988505667416_1431724849', 'share_text': 'Gravity watching this: ð\x9f\x91\x81ï¸\x8fð\x9f\x91\x84ð\x9f\x91\x81ï¸\x8f\n\n(Kirsten Wanvig via ViralHog)', 'original_content_owner': 'pubity'}",,,,
135,How I feel in the Shrek Shack rn,2024-01-16 07:56:12,[],,,,,
136,29,2024-01-16 07:56:22,"['Eoin', 'Soumia']",,,,,
137,Not even 30mins into company time ð,2024-01-16 07:56:35,"['Eoin', 'Dan']",,,,,
138,30 ð,2024-01-16 12:01:45,"['Eoin', 'Soumia']",,,,,
139,Also second one on company time today,2024-01-16 12:01:57,"['Eoin', 'Dan']",,,,,
140,You're a player ð¢,2024-01-16 15:40:21,[],,,,,
141,Do my shit counts mean nothing to you?,2024-01-16 15:40:30,"['Eoin', 'Dan']",,,,,
142,Damn ð¥,2024-01-16 17:43:18,[],,,,,
143,31,2024-01-17 10:06:11,"['Eoin', 'Soumia']",,,,,
144,Possibly my last one in the Shrek Shack ð«¡,2024-01-17 10:06:29,"['Dan', 'Soumia']",,,,,
145,32,2024-01-17 16:38:27,"['Eoin', 'Soumia']",,,,,
146,Splash back ð¥´,2024-01-17 16:38:43,"['Eoin', 'Dan', 'Dex']",,,,,
147,33,2024-01-18 09:45:24,"['Eoin', 'Soumia']",,,,,
148,Work poop,2024-01-18 09:45:27,"['Eoin', 'Dan']",,,,,
149,This time I'm working in a warehouse. It's a nice toilet. 7/10 would poop here again,2024-01-18 09:49:09,"['Eoin', 'Soumia', 'Dex']",,,,,
150,Update while on the toilet! God damn it! We need live updates!,2024-01-18 16:24:23,"['Eoin', 'Dan']",,,,,
151,I see my error here. I should've specified *on the toilet pooping*,2024-01-18 17:00:57,"['Eoin', 'Soumia']",,,,,
152,34,2024-01-18 17:11:32,"['Eoin', 'Soumia']",,,,,
153,Likely assisted by the can of Monster I just finished,2024-01-18 17:11:47,[],,,,,
154,35,2024-01-19 08:44:56,"['Eoin', 'Soumia']",,,,,
155,36,2024-01-20 10:56:34,"['Eoin', 'Soumia']",,,,,
156,37,2024-01-20 13:15:35,"['Eoin', 'Soumia']",,,,,
157,38,2024-01-21 16:21:57,"['Eoin', 'Soumia']",,,,,
158,39,2024-01-22 13:31:44,[],,,,,
159,Enjoyable work poop,2024-01-22 13:31:50,"['Eoin', 'Dan']",,,,,
160,Saved that one for after lunch ðª,2024-01-22 13:32:01,[],,,,,
161,"My lunch is unpaid, so I was making sure I did it on paid time ð",2024-01-22 14:33:07,[],,,,,
162,Forgot about 40 earlier. On company time again ð,2024-01-23 17:22:30,[],,,,,
163,41,2024-01-24 08:42:51,"['Eoin', 'Soumia']",,,,,
164,An hour into company time. Probably would've had an aneurysm if I had held onto that poop any longer while on the top of a ladder,2024-01-24 08:43:47,"['Eoin', 'Dan']",,,,,
165,42,2024-01-24 16:43:41,[],,,,,
166,We love a supportive Nan haha,2024-01-24 17:36:01,"['Eoin', 'Soumia']",,,,,
167,43 earlier. Waited for my boss to leave before I did what had to be done on company time,2024-01-25 17:36:51,"['Eoin', 'Dan']",,,,,
168,,2024-01-25 17:57:53,[],"{'link': 'https://media2.giphy.com/media/v1.Y2lkPTQyMzA0NmQwa3huMWk5Z3owc2ZxaGVpc3V3Z3QzZmt0NXkybjN1and2eThzODRzOSZlcD12MV9naWZzX2dpZklkJmN0PWc/5UdIxkFgtVpxYUHoVZ/200.gif', 'original_content_owner': 'FlyingKiwiAngels'}",,,,
169,eoin__b liked a message,2024-01-26 07:38:23,[],,,,,
170,eoin__b liked a message,2024-01-26 07:38:29,[],,,,,
171,44,2024-01-26 10:05:13,[],,,,,
172,Possibly my last one on company time for this company. It's been a good 4.5years ð«¡,2024-01-26 10:05:40,"['Eoin', 'Dex']",,,,,
173,Ooh good idea. I'm only in work until 2:30. But I'll try,2024-01-26 10:07:28,"['Eoin', 'Dex']",,,,,
174,I'm still finishing off 44,2024-01-26 10:10:06,"['Eoin', 'Ros', 'Dex']",,,,,
175,You've really thought this through haha,2024-01-26 11:25:34,[],,,,,
176,45 ðª,2024-01-27 11:10:36,"['Eoin', 'Soumia']",,,,,
177,46,2024-01-27 17:39:09,"['Eoin', 'Soumia']",,,,,
178,Conan and I really are in our own league. I haven't ruled out Stephen as a potential future overtaker,2024-01-27 17:39:59,[],,,,,
179,47,2024-01-28 15:29:45,"['Eoin', 'Soumia']",,,,,
180,48,2024-01-28 22:42:34,"['Eoin', 'Soumia']",,,,,
181,That's definitely doable,2024-01-29 00:28:39,"['Eoin', 'Dan']",,,,,
182,eoin__b liked a message,2024-01-29 10:09:54,[],,,,,
183,49,2024-01-29 10:43:28,"['Eoin', 'Soumia']",,,,,
184,Ros is only interested when the conversation is about shit... That's sus,2024-01-29 14:34:18,[],,,,,
185,50 ðð,2024-01-29 22:08:11,[],,,,,
186,eoin__b liked a message,2024-01-29 23:14:16,[],,,,,
187,51,2024-01-30 12:56:33,"['Eoin', 'Soumia']",,,,,
188,Not in work this week but my body has kept to the same routine... On that note...,2024-01-30 15:50:44,"['Eoin', 'Dan', 'Soumia']",,,,,
189,52,2024-01-30 15:50:49,"['Eoin', 'Dan', 'Soumia']",,,,,
190,eoin__b reacted ð to your message ,2024-01-31 10:21:07,[],,,,,
191,eoin__b liked a message,2024-01-31 10:21:20,[],,,,,
192,eoin__b liked a message,2024-01-31 13:01:06,[],,,,,
193,,2024-01-31 13:05:13,"['Eoin', 'Ros', 'Dex']",,,"[{'uri': 'your_instagram_activity/messages/inbox/weaponsofassdestruction_6833428546725359/photos/278131276_693129608698045_9067689213509091803_n_1374995389885677.jpg', 'creation_timestamp': 1706706312}]",,
194,53,2024-01-31 13:05:21,"['Eoin', 'Soumia']",,,,,
195,54,2024-01-31 16:39:22,[],,,,,
196,55,2024-01-31 20:43:49,[],,,,,
197,A pint of Guinness encouraged a final poop of the month out of me,2024-01-31 20:44:08,"['Eoin', 'Dan']",,,,,
198,eoin__b liked a message,2024-02-01 11:40:06,[],,,,,
199,eoin__b liked a message,2024-02-01 11:40:10,[],,,,,
200,eoin__b reacted ð¤ to your message ,2024-02-01 11:40:25,[],,,,,
201,eoin__b liked a message,2024-02-01 11:40:38,[],,,,,
202,eoin__b liked a message,2024-02-01 11:40:55,[],,,,,
203,eoin__b liked a message,2024-02-01 11:40:59,[],,,,,
204,Thanks for that Dexter ð,2024-02-01 11:41:20,"['Eoin', 'Dan', 'Jack', 'Dex']",,,,,
205,Also... 56,2024-02-01 11:41:24,"['Eoin', 'Dan', 'Soumia', 'Dex']",,,,,
206,57,2024-02-01 13:58:45,"['Eoin', 'Soumia']",,,,,
207,58,2024-02-01 16:26:29,[],,,,,
208,Stillorgan Village toilets. Was tempted to use Ros' toilet but didn't want to disrespect it with a Guinness poo,2024-02-01 16:27:00,"['Eoin', 'Soumia', 'Dex']",,,,,
209,eoin__b liked a message,2024-02-02 12:25:43,[],,,,,
210,59,2024-02-02 12:25:52,"['Eoin', 'Soumia']",,,,,
211,Whitewater Shopping Centre,2024-02-02 12:26:00,"['Eoin', 'Dan', 'Dex']",,,,,
212,60,2024-02-02 15:48:40,"['Eoin', 'Dan', 'Soumia']",,,,,
213,eoin__b liked a message,2024-02-02 19:28:45,[],,,,,
214,61,2024-02-03 09:48:08,[],,,,,
215,Morning after drinks kinda poop,2024-02-03 09:48:29,"['Eoin', 'Jack']",,,,,
216,62,2024-02-03 12:57:58,[],,,,,
217,I'm beginning to think I'm celiac...,2024-02-03 13:16:42,"['Eoin', 'Dan']",,,,,
218,I'm scared,2024-02-03 14:12:04,[],,,,,
219,63,2024-02-03 19:04:12,[],,,,,
220,I had informed Jack that that one was coming as soon as I get home,2024-02-03 19:04:45,"['Eoin', 'Stephen', 'Dan', 'Soumia']",,,,,
221,Display toilet?,2024-02-04 15:37:42,"['Eoin', 'Dan', 'Soumia']",,,,,
222,64,2024-02-04 15:55:30,[],,,,,
223,,2024-02-05 16:10:02,[],{'original_content_owner': 'noahkahanmusic'},,,,
224,eoin__b liked a message,2024-02-05 20:51:18,[],,,,,
225,Proud of you ð«¶,2024-02-05 20:51:57,[],,,,,
226,"Against all odds, I haven't in well over 24hrs. Maybe eating gluten free foods will change my trajectory",2024-02-06 01:39:23,[],,,,,
227,"Don't worry though, I can't be bothered only eating gluten free stuff so my count will go up again",2024-02-06 01:40:58,"['Eoin', 'Dan', 'Soumia']",,,,,
228,Still actively getting checked for that,2024-02-06 12:38:21,"['Eoin', 'Dex']",,,,,
229,65,2024-02-06 12:38:52,[],,,,,
230,45hrs since my last update. That's a record for me,2024-02-06 12:39:22,"['Eoin', 'Dan']",,,,,
231,eoin__b reacted ð to your message ,2024-02-06 12:40:53,[],,,,,
232,Is someone gonna check on him,2024-02-06 16:00:28,"['Eoin', 'Soumia']",,,,,
233,?,2024-02-06 16:00:31,[],,,,,
234,We're all eagerly awaiting Ros' update,2024-02-06 18:44:55,[],,,,,
235,Man must be fighting for his life,2024-02-06 18:45:03,[],,,,,
236,ðð¸ð²ð· sent an attachment.,2024-02-07 02:03:12,"['Eoin', 'Dex']","{'link': 'https://www.instagram.com/reel/C1IFpnpO5RK/?id=3262882780328727626_43644932866', 'share_text': 'they will definitely be surprised ð\x9f\x92\x80 #electronics #arduino #engineering #funny', 'original_content_owner': 'placitech_'}",,,,
237,66,2024-02-07 11:28:07,[],,,,,
238,67,2024-02-07 15:24:28,[],,,,,
239,68,2024-02-08 13:47:44,[],,,,,
240,69 ðð,2024-02-08 16:18:01,"['Conor', 'Dan', 'Dex']",,,,,
241,70,2024-02-08 18:21:11,[],,,,,
242,Catching up on lost time,2024-02-08 18:21:22,[],,,,,
243,"Guys, I'd like to thank this chat and last year's chat for helping me establish that eating gluten is my issue ð«¡",2024-02-08 18:22:10,"['Eoin', 'Dan', 'Soumia', 'Dex']",,,,,
244,"Through my own trial and error of eating gluten free foods and not, I have found I at very least have a gluten intolerance. I'm yet to hear back from my doctor ð",2024-02-08 19:06:58,[],,,,,
245,I can commit to eating gluten for the remainder of the year to keep the numbers up? Does that count as doping?,2024-02-08 20:01:13,"['Eoin', 'Dan', 'Soumia']",,,,,
246,ðð¸ð²ð· sent an attachment.,2024-02-09 12:22:23,"['Eoin', 'Dan']",,,,,
247,Jesus ladð,2024-02-09 16:57:54,[],,,,,
248,Well it's definitely not the 75,2024-02-09 17:00:42,"['Eoin', 'Conor', 'Dan', 'Ros']",,,,,
249,"Asking for a friend, huh?",2024-02-09 17:05:37,[],,,,,
250,71 ðª,2024-02-09 17:43:33,[],,,,,
251,ðð¸ð²ð· sent an attachment.,2024-02-09 18:03:26,"['Eoin', 'Conan']","{'link': 'https://www.instagram.com/reel/C3IqNKtJhh6/?id=3299072349850441850_1364166629', 'share_text': 'Every time \n(via: @redhotballexperiments)', 'original_content_owner': 'shitheadsteve'}",,,,
252,ðð¸ð²ð· sent an attachment.,2024-02-09 18:05:36,"['Eoin', 'Conor', 'Soumia']","{'link': 'https://www.instagram.com/reel/C2sDMdGrtj8/?id=3291019477724879100_446287367', 'share_text': 'Ta-da!!', 'original_content_owner': 'pablo.rochat'}",,,,
253,I think this is related enough,2024-02-09 18:05:37,"['Eoin', 'Conor']",,,,,
254,72,2024-02-10 19:06:27,[],,,,,
255,73,2024-02-11 14:02:40,[],,,,,
256,74,2024-02-11 16:53:13,[],,,,,
257,75,2024-02-11 18:48:47,[],,,,,
258,eoin__b liked a message,2024-02-12 13:14:00,[],,,,,
259,76,2024-02-12 14:50:03,[],,,,,
260,ðð¸ð²ð· sent an attachment.,2024-02-12 18:12:07,[],"{'link': 'https://www.instagram.com/p/C3GUaJJB_WN/', 'share_text': 'So true!', 'original_content_owner': 'catsoncatnipco'}",,,,
261,77,2024-02-12 18:12:14,[],,,,,
262,Unfortunately I didn't have the protectors for that one ð,2024-02-12 18:12:29,"['Eoin', 'Dan', 'Ros', 'Soumia', 'Katie']",,,,,
263,ð«¶,2024-02-12 21:33:19,[],,,,,
264,And on that note,2024-02-12 21:33:26,[],,,,,
265,78,2024-02-12 21:33:28,"['Eoin', 'Dan']",,,,,
266,Gotta grind harder boy,2024-02-12 21:37:42,[],,,,,
267,79,2024-02-13 18:40:12,[],,,,,
268,80,2024-02-13 22:22:41,[],,,,,
269,81,2024-02-14 10:45:37,[],,,,,
270,I could definitely time it to ensure I update the chat ð,2024-02-14 18:19:11,"['Eoin', 'Dan']",,,,,
271,eoin__b reacted ð¥ to your message ,2024-02-14 18:19:28,[],,,,,
272,82,2024-02-14 18:19:37,[],,,,,
273,83,2024-02-15 13:14:49,[],,,,,
274,84 this morning,2024-02-16 12:54:14,[],,,,,
275,85 now,2024-02-16 12:54:22,[],,,,,
276,,2024-02-16 18:00:13,"['Eoin', 'Soumia']",,,[{'uri': 'your_instagram_activity/messages/inbox/weaponsofassdestruction_6833428546725359/photos/427998303_794408715859486_8415875134350511128_n_763540908985391'}],,
277,Ikea are literally don't with people's shit,2024-02-16 18:00:19,[],,,,,
278,Done*,2024-02-16 18:13:54,[],,,,,
279,86,2024-02-16 20:28:48,[],,,,,
280,That's brave,2024-02-16 23:31:28,"['Eoin', 'Dan']",,,,,
281,,2024-02-18 01:27:09,"['Eoin', 'Soumia']",,,[{'uri': 'your_instagram_activity/messages/inbox/weaponsofassdestruction_6833428546725359/photos/425834817_414639677621145_825586306460423130_n_1089114395572876'}],,
282,I sympathise with this little lad,2024-02-18 01:27:21,[],,,,,
283,87,2024-02-18 01:59:05,[],,,,,
284,88,2024-02-18 13:16:30,[],,,,,
285,"Walk + coffee, after a night of drinking type of poop. Very enjoyable",2024-02-18 13:17:08,"['Eoin', 'Dex']",,,,,
286,89,2024-02-18 14:41:02,[],,,,,
287,It was more of a part 2. Both parts were equally as relieving,2024-02-18 15:37:36,['Dan'],,,,,
288,90,2024-02-19 17:15:21,[],,,,,
289,In Galway ð,2024-02-19 17:15:27,"['Eoin', 'Dan']",,,,,
290,,2024-02-19 17:48:46,"['Eoin', 'Dan']",,,"[{'uri': 'your_instagram_activity/messages/inbox/weaponsofassdestruction_6833428546725359/photos/423944321_1098631624793540_6029452910303825484_n_1098631621460207.jpg', 'creation_timestamp': 1708364924}]",,
291,Not the view from the bathroom but from the house ð,2024-02-19 17:48:58,[],,,,,
292,91,2024-02-19 19:22:34,[],,,,,
293,,2024-02-20 17:11:46,"['Eoin', 'Soumia']",,,"[{'uri': 'your_instagram_activity/messages/inbox/weaponsofassdestruction_6833428546725359/photos/423455036_754025483044291_5243707362186021877_n_754025479710958.jpg', 'creation_timestamp': 1708449105}]",,
294,I peed with this view if this counts for any bonus points?,2024-02-20 17:11:59,"['Eoin', 'Conor', 'Soumia']",,,,,
295,eoin__b reacted ð® to your message ,2024-02-20 18:22:28,[],,,,,
296,eoin__b liked a message,2024-02-20 18:22:32,[],,,,,
297,Reddit is greatð,2024-02-20 18:23:42,[],,,,,
298,92,2024-02-20 18:23:50,[],,,,,
299,Held that one for way too long ðª,2024-02-20 18:24:01,"['Eoin', 'Dex']",,,,,
300,Damn. I'll get to 100 before you get to 25,2024-02-20 21:09:39,"['Eoin', 'Conor', 'Dan', 'Soumia', 'Dex']",,,,,
301,Ros' toilet seemed to be popular too,2024-02-21 09:03:19,"['Eoin', 'Dan', 'Ros']",,,,,
302,93,2024-02-21 14:32:24,[],,,,,
303,Imagine pooping here like royalty,2024-02-21 16:35:32,[],,,,,
304,,2024-02-21 16:35:33,"['Eoin', 'Soumia']",,,[{'uri': 'your_instagram_activity/messages/inbox/weaponsofassdestruction_6833428546725359/photos/423771844_1460225384886674_5800146905144693617_n_1098410488144571'}],,
305,I'd just imagine it'd be cold af having to poop in there,2024-02-21 18:02:22,[],,,,,
306,Idk it might have been my phone only sending when it found signal again,2024-02-21 18:02:48,[],,,,,
307,ðð¸ð²ð· sent an attachment.,2024-02-22 00:55:59,[],"{'link': 'https://www.instagram.com/reel/C3oUvujvGiv/?id=3307985167040932015_1431724849', 'share_text': 'Thereâ\x80\x99s no wayð\x9f\x98\xadð\x9f\x98\xad\n\n(Via: @kimberleybulmerjobe )', 'original_content_owner': 'pubity'}",,,,
308,94,2024-02-22 13:26:27,[],,,,,
309,95,2024-02-22 14:51:40,[],,,,,
310,96,2024-02-23 13:33:07,[],,,,,
311,97 earlier,2024-02-23 19:34:15,[],,,,,
312,"Nah. I'm unhealthy, but not THAT unhealthy ð",2024-02-23 20:24:05,"['Eoin', 'Ros', 'Soumia']",,,,,
313,eoin__b reacted ð® to your message ,2024-02-23 22:52:49,[],,,,,
314,98,2024-02-23 23:18:26,[],,,,,
315,99ð,2024-02-25 00:03:19,"['Eoin', 'Dan', 'Soumia', 'Katie', 'Dex']",,,,,
316,Drum roll please ð¥,2024-02-25 12:41:31,[],,,,,
317,First to triple digits...,2024-02-25 12:41:52,[],,,,,
318,100,2024-02-25 12:41:55,"['Eoin', 'Dan', 'Soumia', 'Dex']",,,,,
319,ððð,2024-02-25 12:41:58,[],,,,,
320,I'd like to personally thank my recently discovered gluten intolerance for getting me here,2024-02-25 12:42:27,"['Eoin', 'Dan', 'Soumia', 'Dex']",,,,,
321,eoin__b reacted ð® to your message ,2024-02-25 12:52:48,[],,,,,
322,"Honestly I've been eating a lot of gluten free foods which has reduced my count. If I go flat out eating gluter, I could definitely make it to at least 800 by the end of the year ð",2024-02-25 12:53:40,"['Eoin', 'Stephen', 'Dan', 'Soumia']",,,,,
323,101,2024-02-25 15:37:14,[],,,,,
324,Dalmatians? ð¤,2024-02-25 15:37:21,"['Eoin', 'Dan', 'Katie']",,,,,
325,102,2024-02-25 18:45:27,"['Eoin', 'Soumia']",,,,,
326,"I told you, gluten is my version of doping ð",2024-02-25 20:30:47,"['Eoin', 'Soumia']",,,,,
327,Believe it or not...,2024-02-25 21:25:44,[],,,,,
328,103,2024-02-25 21:25:46,"['Eoin', 'Soumia']",,,,,
329,"For the record, I don't have diarrhoea... Just irritated bowels. Really getting those numbers up for the end of the month ð",2024-02-25 21:26:41,"['Eoin', 'Soumia']",,,,,
330,"Idk, Google will probably tell me I'm dying ð",2024-02-25 21:29:22,[],,,,,
331,Can't wait to meet you too...? ð¤ð,2024-02-25 21:30:21,"['Eoin', 'Soumia', 'Katie']",,,,,
332,eoin__b liked a message,2024-02-25 21:30:25,[],,,,,
333,ð«¶,2024-02-25 21:33:07,[],,,,,
334,Hot,2024-02-25 21:34:09,"['Eoin', 'Katie']",,,,,
335,I just imagine my future obesity level when this rate of metabolism decides to change,2024-02-25 21:36:04,[],,,,,
336,What can I say? I'm full of shit ð,2024-02-25 21:36:42,['Katie'],,,,,
337,I wish I could unwatch this,2024-02-26 10:41:45,"['Eoin', 'Dan']",,,,,
338,Dare you to overtake me...,2024-02-26 12:56:00,"['Eoin', 'Dex']",,,,,
339,104,2024-02-26 12:56:01,[],,,,,
340,105,2024-02-26 14:34:15,[],,,,,
341,My bowels really are just hating me,2024-02-26 14:34:27,"['Eoin', 'Dan', 'Soumia', 'Conan']",,,,,
342,ðð¸ð²ð· sent an attachment.,2024-02-27 02:02:58,"['Eoin', 'Dan', 'Ros', 'Soumia', 'Conan', 'Dex']","{'link': 'https://www.instagram.com/p/C305cZzp-kq/?carousel_share_child_media_id=3311524262118166093_364424072', 'share_text': '', 'original_content_owner': 'reductress'}",,,,
343,ðð¸ð²ð· sent an attachment.,2024-02-27 02:03:06,"['Eoin', 'Dan', 'Ros']","{'link': 'https://www.instagram.com/p/C305cZzp-kq/?carousel_share_child_media_id=3311524262051109094_364424072', 'share_text': '', 'original_content_owner': 'reductress'}",,,,
344,106,2024-02-27 14:21:29,[],,,,,
345,107,2024-02-27 21:33:27,[],,,,,
346,eoin__b liked a message,2024-02-28 09:55:05,[],,,,,
347,Omg you get to play Red light - Green light with pooping ð±,2024-02-28 09:55:46,"['Eoin', 'Soumia', 'Katie']",,,,,
348,I could NEVER ð,2024-02-28 11:38:44,[],,,,,
349,108 in DL shopping centre,2024-02-28 16:45:14,[],,,,,
350,And 109 in my own home ð¤,2024-02-28 16:45:26,[],,,,,
351,Bolands?,2024-02-28 22:49:37,[],,,,,
352,ð¤,2024-02-29 17:58:53,[],,,,,
353,110 earlier,2024-02-29 22:23:43,[],,,,,
354,ðð¸ð²ð· sent an attachment.,2024-03-01 11:15:07,"['Eoin', 'Conan']","{'link': 'https://www.instagram.com/p/C39FCfFOaUE/', 'share_text': 'Adds character to it honestly', 'original_content_owner': 'scoobydoofruitsnacks'}",,,,
355,111,2024-03-01 14:52:51,[],,,,,
356,Eddie Rockets Stillorgan ðª,2024-03-01 14:53:06,"['Eoin', 'Dan']",,,,,
357,eoin__b liked a message,2024-03-02 11:39:29,[],,,,,
358,eoin__b liked a message,2024-03-02 11:39:42,[],,,,,
359,eoin__b reacted ð® to your message ,2024-03-02 11:40:07,[],,,,,
360,eoin__b reacted ð® to your message ,2024-03-02 11:40:37,[],,,,,
361,God damn ð¶,2024-03-02 11:41:41,"['Eoin', 'Dex']",,,,,
362,112,2024-03-02 14:15:07,[],,,,,
363,113,2024-03-02 19:56:33,"['Eoin', 'Soumia']",,,,,
364,I could've lived out my life without having seen thatð,2024-03-03 12:15:14,[],,,,,
365,I watched it while making a sandwich...,2024-03-03 12:18:20,[],,,,,
366,Nah thankfully not,2024-03-03 12:19:45,[],,,,,
367,"Mix of hams, salami, mix of cheeses and relish all toasted  ð¤¤",2024-03-03 16:20:07,"['Eoin', 'Conan']",,,,,
368,And on that note... 114,2024-03-03 16:20:22,[],,,,,
369,115,2024-03-04 11:36:30,[],,,,,
370,First one on company time with this new job ð,2024-03-04 11:36:42,"['Eoin', 'Dan', 'Dex']",,,,,
371,116,2024-03-05 09:00:48,[],,,,,
372,Yes,2024-03-05 09:00:54,[],,,,,
373,ð,2024-03-05 09:00:57,[],,,,,
374,Burger King toilet,2024-03-06 11:00:52,['Dan'],,,,,
375,Also company time,2024-03-06 11:00:57,"['Eoin', 'Dan']",,,,,
376,117,2024-03-06 11:03:07,[],,,,,
377,"I feel it's worth noting, I did not eat anything in Burger King. I only use them for their toilets... I have respect for myself ð",2024-03-06 13:48:20,"['Eoin', 'Conan']",,,,,
378,So you mean there's a 50/50 that you'll get food poisoning from leaving them this long? ð,2024-03-06 21:33:46,[],,,,,
379,Ah okay that's fair,2024-03-06 21:35:02,[],,,,,
380,118,2024-03-07 09:43:44,[],,,,,
381,The meatballs,2024-03-07 21:52:54,[],,,,,
382,119,2024-03-08 06:34:00,[],,,,,
383,120,2024-03-08 08:12:17,[],,,,,
384,"Nah, two canned Guinness last night and cheese cake ð",2024-03-08 16:48:24,"['Eoin', 'Dan']",,,,,
385,eoin__b liked a message,2024-03-08 16:53:59,[],,,,,
386,Oh that note,2024-03-08 16:58:14,[],,,,,
387,121,2024-03-08 16:58:18,[],,,,,
388,122 this morning,2024-03-09 13:30:32,[],,,,,
389,Proud of you for pooping more ð«¶,2024-03-09 13:30:58,[],,,,,
390,123,2024-03-09 15:41:56,[],,,,,
391,Dot ie,2024-03-09 15:42:03,[],,,,,
392,Just log on and save money,2024-03-09 15:42:08,"['Eoin', 'Stephen']",,,,,
393,124,2024-03-10 11:28:03,[],,,,,
394,Just had a large Irish breakfast... Watch this space,2024-03-10 11:28:17,"['Eoin', 'Dan']",,,,,
395,eoin__b reacted ð® to your message ,2024-03-10 13:10:54,[],,,,,
396,125,2024-03-10 17:56:24,[],,,,,
397,126,2024-03-10 22:22:56,[],,,,,
398,127,2024-03-11 09:08:44,[],,,,,
399,City West shopping centre,2024-03-11 09:08:50,[],,,,,
400,"I'd like to let you know, I am yet to have diarrhea this year.  ð«¡",2024-03-11 22:54:52,[],,,,,
401,128,2024-03-12 11:18:04,[],,,,,
402,129,2024-03-13 07:15:57,[],,,,,
403,130,2024-03-13 16:44:07,[],,,,,
404,131,2024-03-15 06:55:43,[],,,,,
405,132,2024-03-15 10:16:45,[],,,,,
406,The long drive got another one out of me ðª,2024-03-15 10:16:46,[],,,,,
407,133,2024-03-15 17:32:27,[],,,,,
408,It explains why I had no appetite until now,2024-03-15 18:42:32,[],,,,,
409,134,2024-03-16 09:52:08,[],,,,,
410,135,2024-03-16 16:02:44,[],,,,,
411,Wow some of yous are living my life ð,2024-03-17 00:50:28,"['Eoin', 'Soumia']",,,,,
412,Ah it's mostly an average of 1-2 a day. But the days that have 3... Just more time scrolling on my phone I guess ð,2024-03-17 00:52:42,[],,,,,
413,136,2024-03-17 10:47:15,[],,,,,
414,137,2024-03-18 10:07:31,[],,,,,
415,138,2024-03-18 13:20:44,[],,,,,
416,139,2024-03-18 16:38:40,[],,,,,
417,@j.mcrann_ got the live update on that one,2024-03-18 16:38:50,"['Eoin', 'Soumia', 'Conan']",,,,,
418,140,2024-03-19 09:06:08,[],,,,,
419,https://vm.tiktok.com/ZGePgPLFV/,2024-03-20 08:00:17,[],"{'link': 'https://vm.tiktok.com/ZGePgPLFV/', 'share_text': 'https://vm.tiktok.com/ZGePgPLFV/'}",,,,
420,141 this morning,2024-03-20 20:45:21,"['Eoin', 'Dex']",,,,,
421,142 now,2024-03-20 20:45:26,[],,,,,
422,143,2024-03-21 09:45:36,[],,,,,
423,I'm only checking the chat now,2024-03-21 22:50:25,[],,,,,
424,But...,2024-03-21 22:50:27,['Soumia'],,,,,
425,Smash,2024-03-21 22:50:31,"['Eoin', 'Dan', 'Soumia', 'Conan', 'Dex']",,,,,
426,Next question?,2024-03-21 22:50:35,[],,,,,
427,eoin__b reacted ð to your message ,2024-03-22 06:47:14,[],,,,,
428,144,2024-03-22 07:08:58,[],,,,,
429,145,2024-03-22 12:31:21,[],,,,,
430,146,2024-03-23 10:18:25,[],,,,,
431,147,2024-03-23 17:25:16,[],,,,,
432,148 this morning,2024-03-24 16:09:11,"['Eoin', 'Soumia']",,,,,
433,149,2024-03-24 16:28:37,[],,,,,
434,,2024-03-24 16:36:54,[],,,"[{'uri': 'your_instagram_activity/messages/inbox/weaponsofassdestruction_6833428546725359/photos/433436488_931220431881955_1061650612094127942_n_931220428548622.jpg', 'creation_timestamp': 1711298213}]",,
435,@lalalalasoumia @katieavclong98 have been fooling us all along with their fake updates,2024-03-24 16:37:24,"['Eoin', 'Conor', 'Dan', 'Ros', 'Soumia', 'Katie']",,,,,
436,150 ð,2024-03-25 07:13:13,"['Eoin', 'Conor', 'Dan', 'Soumia', 'Dex']",,,,,
437,151,2024-03-26 07:09:43,[],,,,,
438,152,2024-03-26 10:44:43,[],,,,,
439,153 yesterday,2024-03-28 07:01:46,[],,,,,
440,154 now,2024-03-28 07:12:07,['Dan'],,,,,
441,Maybe he was proud/ disgusted by what came out of him,2024-03-28 17:56:44,"['Eoin', 'Dan']",,,,,
442,155,2024-03-29 07:34:20,[],,,,,
443,156,2024-03-29 09:05:55,[],,,,,
444,You're telling me,2024-03-29 11:25:24,"['Eoin', 'Soumia']",,,,,
445,eoin__b reacted ð¤¢ to your message ,2024-03-29 15:19:22,[],,,,,
446,157,2024-03-29 15:22:34,[],,,,,
447,Not while eating,2024-03-29 15:22:41,[],,,,,
448,158,2024-03-30 10:33:42,[],,,,,
449,eoin__b reacted ð£ to your message ,2024-03-30 10:33:49,[],,,,,
450,159,2024-03-30 14:00:30,[],,,,,
451,160,2024-03-30 15:48:19,[],,,,,
452,What did I eat?,2024-03-30 15:48:25,[],,,,,
453,161,2024-03-31 09:01:52,[],,,,,
454,162,2024-03-31 14:34:38,[],,,,,
455,...,2024-03-31 16:27:59,"['Eoin', 'Dan', 'Soumia']",,,,,
456,163,2024-03-31 16:28:02,"['Eoin', 'Dex']",,,,,
457,eoin__b liked a message,2024-03-31 19:07:52,[],,,,,
458,eoin__b liked a message,2024-03-31 23:15:12,[],,,,,
459,eoin__b liked a message,2024-03-31 23:15:18,[],,,,,
460,eoin__b liked a message,2024-03-31 23:15:32,[],,,,,
461,eoin__b reacted ð® to your message ,2024-03-31 23:16:00,[],,,,,
462,eoin__b reacted ð to your message ,2024-03-31 23:16:24,[],,,,,
463,164,2024-04-01 12:11:16,[],,,,,
464,Had a big fry ð,2024-04-01 12:11:24,"['Eoin', 'Dan']",,,,,
465,165,2024-04-01 15:53:13,[],,,,,
466,Paid for a small coffee and was generously given a large. This is the outcome,2024-04-01 15:53:33,"['Eoin', 'Dan', 'Ros', 'Dex']",,,,,
467,166,2024-04-02 09:09:52,[],,,,,
468,"167 earlier, also on company time",2024-04-02 17:29:56,[],,,,,
469,ðð¸ð²ð· sent an attachment.,2024-04-02 21:56:42,[],"{'link': 'https://www.instagram.com/reel/C5JZ_31u5VD/?id=3335311339491661123_39247208313', 'share_text': '', 'original_content_owner': 'wtf.bro.comments'}",,,,
470,168,2024-04-03 08:24:44,[],,,,,
471,169 ðð,2024-04-03 12:51:47,"['Eoin', 'Stephen', 'Conan']",,,,,
472,https://vm.tiktok.com/ZGem8CWku/,2024-04-03 20:11:24,[],"{'link': 'https://vm.tiktok.com/ZGem8CWku/', 'share_text': 'https://vm.tiktok.com/ZGem8CWku/'}",,,,
473,https://vm.tiktok.com/ZGem8Kwrq/,2024-04-03 20:20:23,[],"{'link': 'https://vm.tiktok.com/ZGem8Kwrq/', 'share_text': 'https://vm.tiktok.com/ZGem8Kwrq/'}",,,,
474,170 and 171,2024-04-04 12:46:07,[],,,,,
475,Both work time,2024-04-04 12:46:10,"['Eoin', 'Dex']",,,,,
476,172,2024-04-05 06:13:29,[],,,,,
477,173,2024-04-05 07:10:40,[],,,,,
478,Been a busy morning ðª,2024-04-05 07:10:50,"['Eoin', 'Dan']",,,,,
479,174,2024-04-05 23:52:30,[],,,,,
480,175,2024-04-06 08:21:02,[],,,,,
481,176,2024-04-06 13:17:43,[],,,,,
482,Made a fry up for breakfast. So I guess that was like doping,2024-04-06 13:17:59,[],,,,,
483,Pfft Dundrum toilets are luxury,2024-04-07 12:50:04,"['Eoin', 'Dan', 'Soumia']",,,,,
484,177,2024-04-07 12:50:17,[],,,,,
485,178,2024-04-07 15:48:46,[],,,,,
486,179,2024-04-08 09:52:28,[],,,,,
487,180,2024-04-08 15:26:08,[],,,,,
488,181,2024-04-09 08:56:33,[],,,,,
489,182,2024-04-09 13:38:35,[],,,,,
490,183,2024-04-10 10:52:47,[],,,,,
491,This morning ^,2024-04-10 10:52:54,[],,,,,
492,184 actively taking place,2024-04-10 10:53:00,"['Eoin', 'Dan']",,,,,
493,Both company time. Which happens to be a kids daycare. I now understand what it's like for Katie and Dex pooping in a place with kids ð« ,2024-04-10 10:53:53,"['Eoin', 'Dan', 'Soumia', 'Dex']",,,,,
494,eoin__b reacted ð to your message ,2024-04-10 10:54:03,[],,,,,
495,eoin__b reacted ð to your message ,2024-04-10 10:56:39,[],,,,,
496,"No, but I get that while working. Yesterday I had 15 kids screaming ""what are you doing?!"". The only thing that shut them up was using the loud drillð",2024-04-10 10:57:11,"['Eoin', 'Soumia', 'Dex']",,,,,
497,185,2024-04-11 07:16:56,[],,,,,
498,Only 15mins into company time,2024-04-11 07:17:03,[],,,,,
499,186,2024-04-11 13:14:53,[],,,,,
500,187 this morning,2024-04-12 09:19:52,[],,,,,
501,188 now,2024-04-12 09:19:56,[],,,,,
502,189,2024-04-12 15:22:45,[],,,,,
503,190,2024-04-13 14:07:58,[],,,,,
504,191,2024-04-14 02:34:05,[],,,,,
505,192,2024-04-14 17:01:11,[],,,,,
506,193,2024-04-15 09:52:54,[],,,,,
507,eoin__b liked a message,2024-04-15 13:23:05,[],,,,,
508,The amount of time I'd save if I pooped at Conor's rate,2024-04-15 13:23:26,[],,,,,
509,Did you weigh yourself before and after?,2024-04-15 20:38:17,[],,,,,
510,I can smell that through my phone ð¤¢,2024-04-15 20:38:32,"['Eoin', 'Soumia']",,,,,
511,194,2024-04-16 06:18:50,[],,,,,
512,195,2024-04-16 07:36:10,[],,,,,
513,It would seem there was a part 2,2024-04-16 07:36:18,"['Eoin', 'Dex']",,,,,
514,,2024-04-16 11:21:56,"['Eoin', 'Soumia']",{'link': 'https://media2.giphy.com/media/v1.Y2lkPTQyMzA0NmQwdmt5dXl2MGRiemM3Y3U3bGliZW1xOHNzZTZuOTJra2dhNjg1dG1vMCZlcD12MV9naWZzX2dpZklkJmN0PWc/DOPKHQg6oFWUg/200.gif'},,,,
515,196 this morning,2024-04-17 15:21:56,[],,,,,
516,197 now ð,2024-04-17 15:22:02,[],,,,,
517,198,2024-04-18 06:52:00,[],,,,,
518,199 ð¯,2024-04-18 09:38:53,['Dex'],,,,,
519,200!!! ð,2024-04-18 14:15:47,"['Eoin', 'Stephen', 'Conor', 'Dan', 'Katie', 'Dex']",,,,,
520,"Swear I don't have the shits. These are regular in consistency, just a fast rate of metabolism âï¸",2024-04-18 14:16:22,[],,,,,
521,201,2024-04-19 06:12:28,"['Eoin', 'Dex']",,,,,
522,https://vm.tiktok.com/ZGeHmbKB2/,2024-04-19 06:23:31,[],"{'link': 'https://vm.tiktok.com/ZGeHmbKB2/', 'share_text': 'https://vm.tiktok.com/ZGeHmbKB2/'}",,,,
523,202,2024-04-19 07:31:46,[],,,,,
524,203,2024-04-19 15:37:24,[],,,,,
525,I swear I don't eat this much damn,2024-04-19 15:37:24,[],,,,,
526,204,2024-04-20 10:02:50,[],,,,,
527,205,2024-04-21 12:58:40,[],,,,,
528,Whopper,2024-04-21 12:58:42,[],,,,,
529,That's a quitters attitude!,2024-04-21 20:10:51,[],,,,,
530,I would honestly much rather be humbled by coming second,2024-04-21 20:11:35,"['Eoin', 'Dan']",,,,,
531,206,2024-04-22 08:59:13,[],,,,,
532,Had takeaway last night. Probably won't be my only update today,2024-04-22 08:59:29,[],,,,,
533,207,2024-04-22 14:20:23,[],,,,,
534,208,2024-04-23 06:22:53,[],,,,,
535,209,2024-04-23 07:29:16,[],,,,,
536,210,2024-04-23 11:14:01,[],,,,,
537,Going to top that Dan?,2024-04-23 11:14:14,[],,,,,
538,I respect the hussle ð«¡,2024-04-23 14:35:39,"['Eoin', 'Dan']",,,,,
539,ðð¸ð²ð· sent an attachment.,2024-04-23 20:17:01,[],"{'link': 'https://www.instagram.com/reel/C6HaoCHy2uk/?id=3352765547867237284_59590555706', 'share_text': 'i am so sorry. the therapy sessions are on me', 'original_content_owner': 'jesusduhgoat'}",,,,
540,I had to see this and now you all do too,2024-04-23 20:17:01,[],,,,,
541,211,2024-04-24 08:36:45,[],,,,,
542,212,2024-04-25 06:13:52,[],,,,,
543,ðð¸ð²ð· sent an attachment.,2024-04-25 06:14:21,"['Eoin', 'Conan']","{'link': 'https://www.instagram.com/reel/C6KeKJfMQtT/?id=3353625511307840339_1431724849', 'share_text': 'Why did I enjoy watching thisð\x9f\x98³ð\x9f\x98³\n\n(Marcel Kamps via ViralHog)', 'original_content_owner': 'pubity'}",,,,
544,213,2024-04-25 07:07:37,[],,,,,
545,There was a part two that driving to work brought on ðª,2024-04-25 07:08:06,"['Eoin', 'Dan']",,,,,
546,214,2024-04-25 09:09:08,[],,,,,
547,What a morning. I didn't even drink Guinness last night,2024-04-25 09:09:21,"['Eoin', 'Dan']",,,,,
548,Ye it's really tough for me to scroll back through a couple of hours of texts to update 4hrs later ðª,2024-04-25 17:37:41,"['Eoin', 'Soumia']",,,,,
549,215,2024-04-26 06:17:05,[],,,,,
550,216,2024-04-26 15:13:14,[],,,,,
551,217,2024-04-28 03:21:31,[],,,,,
552,Apologies if I concerned anyone with my day of silence. Drinking tonight has helped get me back to my regularly scheduled content in this chat,2024-04-28 03:22:08,"['Eoin', 'Conor', 'Dan', 'Soumia', 'Dex']",,,,,
553,218,2024-04-28 11:30:54,[],,,,,
554,219,2024-04-28 15:29:39,[],,,,,
555,ðð¸ð²ð· sent an attachment.,2024-04-28 15:30:04,[],,,,,
556,I saw it and now you have to ð¤¢,2024-04-28 15:30:04,[],,,,,
557,ðð¸ð²ð· sent an attachment.,2024-04-28 18:14:49,[],"{'link': 'https://www.instagram.com/p/C6SOBPJLkD3/', 'share_text': 'So brave\n\n(C&C: @taylor3c)', 'original_content_owner': 'fuckjerry'}",,,,
558,eoin__b liked a message,2024-04-29 06:37:31,[],,,,,
559,220,2024-04-29 07:52:37,[],,,,,
560,221,2024-04-29 13:27:31,[],,,,,
561,Your algorithm knows you too well,2024-04-29 21:38:08,[],,,,,
562,https://vm.tiktok.com/ZGexB4g9A/,2024-04-30 09:16:48,[],"{'link': 'https://vm.tiktok.com/ZGexB4g9A/', 'share_text': 'https://vm.tiktok.com/ZGexB4g9A/'}",,,,
563,222 ð,2024-04-30 09:25:39,"['Eoin', 'Soumia', 'Dex']",,,,,
564,,2024-04-30 18:39:44,"['Eoin', 'Soumia']",,,[{'uri': 'your_instagram_activity/messages/inbox/weaponsofassdestruction_6833428546725359/photos/440543192_1184019699431594_540396160418386099_n_1219229512817241'}],,
565,Trying to get him to update,2024-04-30 18:39:49,"['Eoin', 'Soumia']",,,,,
566,eoin__b liked a message,2024-04-30 21:49:01,[],,,,,
567,eoin__b liked a message,2024-05-01 06:16:09,[],,,,,
568,eoin__b reacted ð to your message ,2024-05-01 06:16:23,[],,,,,
569,eoin__b liked a message,2024-05-01 06:19:10,[],,,,,
570,eoin__b reacted ð® to your message ,2024-05-01 06:19:18,[],,,,,
571,eoin__b reacted ð¤ to your message ,2024-05-01 06:20:09,[],,,,,
572,eoin__b liked a message,2024-05-01 06:20:50,[],,,,,
573,223,2024-05-01 17:35:50,[],,,,,
574,224,2024-05-02 07:10:06,[],,,,,
575,eoin__b reacted ð¤ to your message ,2024-05-02 09:04:40,[],,,,,
576,eoin__b liked a message,2024-05-02 11:21:44,[],,,,,
577,Another 123 and you won't even notice the burn,2024-05-02 11:22:00,[],,,,,
578,Relatable,2024-05-02 12:04:25,[],,,,,
579,225,2024-05-02 13:14:05,[],,,,,
580,eoin__b liked a message,2024-05-02 22:13:18,[],,,,,
581,I think you've actually beaten my record for the amount in one day,2024-05-02 22:15:07,['Dex'],,,,,
582,226,2024-05-03 09:54:18,[],,,,,
583,Dalmatians?,2024-05-03 09:55:15,[],,,,,
584,Man that's impressive. I really thought the travel would've gotten it from you sooner,2024-05-03 14:41:21,[],,,,,
585,227,2024-05-04 23:25:41,[],,,,,
586,Whopper,2024-05-05 11:29:36,[],,,,,
587,228,2024-05-05 11:29:49,[],,,,,
588,Think it was the pizza despite it being gluten free,2024-05-05 11:30:16,"['Eoin', 'Dan', 'Ros']",,,,,
589,229,2024-05-06 09:31:36,[],,,,,
590,230,2024-05-06 12:05:37,[],,,,,
591,231,2024-05-07 08:58:32,[],,,,,
592,Your catchup game is going strong,2024-05-07 12:39:58,[],,,,,
593,232,2024-05-07 13:03:02,[],,,,,
594,eoin__b liked a message,2024-05-08 09:47:37,[],,,,,
595,233 earlier,2024-05-08 14:00:36,[],,,,,
596,Also company time,2024-05-08 14:00:43,"['Eoin', 'Dan', 'Dex']",,,,,
597,God damn! And I've felt like eating gluten free has been helping ðª,2024-05-08 19:22:49,"['Eoin', 'Dex']",,,,,
598,Thank you captain obvious ð«¡,2024-05-08 20:06:09,[],,,,,
599,"Honestly though, gluten free bread is class. It doesn't go off as quick as normal bread. Highly rate it",2024-05-08 20:06:35,[],,,,,
600,234,2024-05-09 09:15:46,[],,,,,
601,235 earlier,2024-05-09 18:07:01,[],,,,,
602,235,2024-05-10 08:31:32,[],,,,,
603,237,2024-05-10 15:35:00,"['Eoin', 'Conan']",,,,,
604,238,2024-05-11 06:15:47,[],,,,,
605,239,2024-05-12 00:55:44,[],,,,,
606,240,2024-05-12 10:20:06,[],,,,,
607,241,2024-05-12 12:03:53,[],,,,,
608,242,2024-05-13 08:27:41,[],,,,,
609,243,2024-05-13 09:07:27,[],,,,,
610,eoin__b reacted ð¢ to your message ,2024-05-13 12:25:12,[],,,,,
611,"Idk, do pheromones apply to assholes?",2024-05-13 12:46:22,[],,,,,
612,ðð¸ð²ð· sent an attachment.,2024-05-14 09:00:36,"['Eoin', 'Dex']","{'link': 'https://www.instagram.com/p/C6Bj_sOtmKK/', 'share_text': 'â\x9d¤ï¸\x8fâ\x9d¤ï¸\x8fâ\x9d¤ï¸\x8f Credit: @ab.bel', 'original_content_owner': 'officialemmasdiary'}",,,,
613,244 earlier,2024-05-14 09:00:53,[],,,,,
614,245,2024-05-14 13:06:51,[],,,,,
615,246 ð,2024-05-15 05:40:48,[],,,,,
616,Thanks for the concern guys. You reminded me and I am currently in the process now.,2024-05-16 12:54:58,[],,,,,
617,247,2024-05-16 12:55:15,[],,,,,
618,https://youtu.be/1H7HQJ_5kHQ,2024-05-16 21:30:23,[],"{'link': 'https://youtu.be/1H7HQJ_5kHQ', 'share_text': 'https://youtu.be/1H7HQJ_5kHQ'}",,,,
619,Just watched this episode and thought the chat would appreciate,2024-05-16 21:30:37,[],,,,,
620,246,2024-05-17 06:23:20,[],,,,,
621,So relieving ðª,2024-05-17 06:23:31,[],,,,,
622,246,2024-05-17 11:38:15,[],,,,,
623,248,2024-05-18 07:25:40,[],,,,,
624,249,2024-05-18 17:58:20,[],,,,,
625,eoin__b reacted ð® to your message ,2024-05-19 11:13:38,[],,,,,
626,250 ð,2024-05-19 14:07:03,"['Eoin', 'Stephen', 'Dan', 'Dex']",,,,,
627,251,2024-05-19 18:14:33,[],,,,,
628,Had a big BBQ,2024-05-19 18:14:39,[],,,,,
629,252,2024-05-20 08:52:59,[],,,,,
630,253,2024-05-20 19:34:16,[],,,,,
631,254,2024-05-21 12:10:49,[],,,,,
632,eoin__b liked a message,2024-05-21 12:31:36,[],,,,,
633,eoin__b liked a message,2024-05-22 12:36:41,[],,,,,
634,255 earlier,2024-05-22 12:43:01,[],,,,,
635,https://vm.tiktok.com/ZGeXv82rh/,2024-05-22 17:29:48,[],"{'link': 'https://vm.tiktok.com/ZGeXv82rh/', 'share_text': 'https://vm.tiktok.com/ZGeXv82rh/'}",,,,
636,Sending this due to the first few seconds,2024-05-22 17:30:01,[],,,,,
637,256,2024-05-23 09:50:18,[],,,,,
638,257,2024-05-23 17:40:28,"['Eoin', 'Dan']",,,,,
639,258 earlier,2024-05-24 16:48:27,[],,,,,
640,259 now,2024-05-24 16:48:31,[],,,,,
641,,2024-05-25 10:07:49,"['Eoin', 'Dan', 'Dex']",{'original_content_owner': 'lukekidgell'},,,,
642,eoin__b liked a message,2024-05-25 12:58:12,[],,,,,
643,It's been a while but don't worry,2024-05-26 10:38:10,[],,,,,
644,260 ðª,2024-05-26 10:38:16,[],,,,,
645,261 last night,2024-05-27 06:14:20,[],,,,,
646,262,2024-05-27 08:30:31,[],,,,,
647,,2024-05-27 08:31:20,"['Eoin', 'Conor', 'Dex']","{'link': 'https://media2.giphy.com/media/v1.Y2lkPTQyMzA0NmQwaGtwaHhiNzkwaHVvOWQ3dDd3NmFrZzdxanN3bG1iNGd2eGJwaXUxdCZlcD12MV9naWZzX2dpZklkJmN0PWc/tU3o9qlWfiW21aMc4g/200.gif', 'original_content_owner': '007'}",,,,
648,Was it this guy in your hostel?,2024-05-27 08:31:27,"['Eoin', 'Conor']",,,,,
649,263,2024-05-28 08:35:58,[],,,,,
650,264 earlier,2024-05-28 21:48:00,[],,,,,
651,265,2024-05-29 09:35:46,[],,,,,
652,266 yesterday evening,2024-05-30 06:13:04,[],,,,,
653,267 now,2024-05-30 06:13:07,[],,,,,
654,268,2024-05-30 10:29:44,[],,,,,
655,Your ass is just happy to be home,2024-05-30 16:29:33,"['Eoin', 'Conor']",,,,,
656,269,2024-05-30 17:50:11,[],,,,,
657,270,2024-05-31 22:13:09,[],,,,,
658,eoin__b reacted ð® to your message ,2024-05-31 23:04:24,[],,,,,
659,eoin__b liked a message,2024-05-31 23:04:52,[],,,,,
660,eoin__b reacted ð® to your message ,2024-05-31 23:05:57,[],,,,,
661,Quick maths,2024-05-31 23:12:00,"['Eoin', 'Ros']",,,,,
662,eoin__b liked a message,2024-05-31 23:12:53,[],,,,,
663,Wow I've only sent in 379 messages that weren't a poop update  ð,2024-05-31 23:14:54,[],,,,,
664,Now I know who's messages not to like out of spite ð,2024-05-31 23:17:56,"['Eoin', 'Stephen']",,,,,
665,eoin__b liked a message,2024-05-31 23:18:03,[],,,,,
666,Thanks Dex!,2024-05-31 23:18:13,[],,,,,
667,eoin__b liked a message,2024-06-01 08:37:50,[],,,,,
668,eoin__b liked a message,2024-06-01 08:38:10,[],,,,,
669,271,2024-06-01 08:54:13,[],,,,,
670,272,2024-06-01 13:18:50,[],,,,,
671,273,2024-06-02 09:32:55,[],,,,,
672,274,2024-06-02 21:01:55,[],,,,,
673,275,2024-06-02 22:54:21,[],,,,,
674,276,2024-06-03 13:44:12,[],,,,,
675,277,2024-06-04 09:14:03,[],,,,,
676,"Nah, I had a subway so that one was inevitable",2024-06-04 09:21:11,"['Eoin', 'Soumia']",,,,,
677,278,2024-06-04 16:49:26,[],,,,,
678,ðð¸ð²ð· sent an attachment.,2024-06-04 20:46:48,[],"{'link': 'https://www.instagram.com/reel/C7X5Ng_tyCJ/?id=3375418063170510985_43734936228', 'share_text': 'Leave it to my husband to make an absolute bop while he is in the bathroom ð\x9f\x98\x82 ð\x9f¤£ #marriagehumor #parody #comedy #music #wivesofinstagram #momanddad #parentinghumor #dadlife #dadsofinstagram #dadjokes', 'original_content_owner': 'wachofam'}",,,,
679,eoin__b liked a message,2024-06-04 20:48:55,[],,,,,
680,ðð¸ð²ð· sent an attachment.,2024-06-04 20:51:10,[],"{'link': 'https://www.instagram.com/p/C06tdQGNJof/?carousel_share_child_media_id=3259117197564746277_3616081415', 'share_text': '', 'original_content_owner': 'war.and.peas'}",,,,
681,279,2024-06-05 14:07:16,[],,,,,
682,280,2024-06-06 07:42:06,[],,,,,
683,281,2024-06-06 12:36:08,[],,,,,
684,282,2024-06-07 17:20:23,[],,,,,
685,Call me a lumberjack because I'm dropping LOGS,2024-06-07 17:20:43,"['Eoin', 'Conor', 'Soumia', 'Dex']",,,,,
686,283,2024-06-08 11:58:45,[],,,,,
687,284,2024-06-09 10:58:43,[],,,,,
688,And,2024-06-09 10:58:44,[],,,,,
689,285,2024-06-09 10:58:47,[],,,,,
690,"Yesterday, after a kebab",2024-06-09 10:58:58,[],,,,,
691,286,2024-06-09 13:38:50,[],,,,,
692,That one was a workout,2024-06-09 13:38:55,[],,,,,
693,287,2024-06-10 18:10:43,[],,,,,
694,First one in America,2024-06-10 18:10:50,"['Eoin', 'Katie', 'Dex']",,,,,
695,Just had Taco Bell. Will keep you posted,2024-06-12 00:02:28,[],,,,,
696,Yup,2024-06-12 00:02:47,[],,,,,
697,Got the chicken enchilada. Was actually unreal for the price. Not spicy though so I'm probably grand. It's still gluten though. So that could do me over,2024-06-12 00:10:37,"['Eoin', 'Soumia']",,,,,
698,288,2024-06-12 01:55:52,[],,,,,
699,"Honestly, not as bad as I had expected. Though it was definitely a gluten influenced one",2024-06-12 01:56:11,"['Eoin', 'Dex']",,,,,
700,I'm actually kind of impressed by that,2024-06-12 15:28:47,[],,,,,
701,289,2024-06-13 17:41:17,[],,,,,
702,Dumpin' in Dunkin' Donuts ð,2024-06-13 17:41:33,[],,,,,
703,eoin__b reacted ð to your message ,2024-06-13 19:57:39,[],,,,,
704,290,2024-06-13 21:53:54,[],,,,,
705,291,2024-06-15 03:59:01,[],,,,,
706,Nearly forgot about that relieving update earlier,2024-06-15 03:59:13,"['Eoin', 'Ros']",,,,,
707,292,2024-06-15 18:52:03,[],,,,,
708,293,2024-06-16 16:22:11,[],,,,,
709,Eating shit American food must be making me poop like a normal person,2024-06-16 16:23:34,"['Eoin', 'Soumia']",,,,,
710,This has been giving Conan a great opportunity to catch up,2024-06-16 16:23:55,[],,,,,
711,Actually been having a lot of iced coffees with this hot weather,2024-06-16 18:05:16,"['Eoin', 'Stephen']",,,,,
712,Though the wedding last night had an open bar all night..  And on that note...,2024-06-16 18:05:35,[],,,,,
713,294,2024-06-16 18:05:41,[],,,,,
714,295,2024-06-16 21:32:13,[],,,,,
715,ðð¸ð²ð· sent an attachment.,2024-06-17 00:49:14,"['Eoin', 'Ros']","{'link': 'https://www.instagram.com/reel/C8FaCRFuEPx/?id=3388228799663981553_53399571', 'share_text': 'Everybody criiiiiiiieeessss.', 'original_content_owner': 'sean_sarantos'}",,,,
716,296,2024-06-17 14:29:58,[],,,,,
717,That one was all the gluten catching up to me,2024-06-17 14:30:15,[],,,,,
718,297,2024-06-18 18:33:59,[],,,,,
719,In a toilet on an interstate train. I think that's a unique one ð,2024-06-18 18:34:29,"['Eoin', 'Conan']",,,,,
720,ðð¸ð²ð· sent an attachment.,2024-06-18 18:41:15,[],"{'link': 'https://www.instagram.com/reel/C767VNqomU4/?id=3385279012449445176_572922989', 'share_text': 'Check me on @latteartshow â\x98\x95ï¸\x8fð\x9f\x91\x8c\n-\n-\n#freepour #latteart  #freepourlatteart #latte  #art #barista #coffeelover #coffeeaddict #coffeetime  #flatwhite  #latteartgram  #latte_art #coffee  #coffeeart  #coffeeartist #reels #passion  #inspiration \n-\n-\n#coffeeartistul', 'original_content_owner': 'coffeeartistul'}",,,,
721,298,2024-06-18 21:14:55,[],,,,,
722,299 ð,2024-06-19 15:05:27,['Dex'],,,,,
723,300 ð,2024-06-19 20:54:46,"['Eoin', 'Conor', 'Katie', 'Dex']",,,,,
724,And at the One World Trade Centre ð,2024-06-19 20:54:47,[],,,,,
725,eoin__b liked a message,2024-06-19 21:16:51,[],,,,,
726,301,2024-06-20 14:56:45,[],,,,,
727,302,2024-06-20 16:24:48,[],,,,,
728,I drank lager last night. It was a bad idea ð,2024-06-20 16:25:14,"['Eoin', 'Dex']",,,,,
729,eoin__b liked a message,2024-06-20 22:52:01,[],,,,,
730,303,2024-06-21 00:21:27,[],,,,,
731,304,2024-06-21 13:51:26,[],,,,,
732,305,2024-06-21 19:20:57,[],,,,,
733,JFK Airport,2024-06-21 19:21:02,"['Eoin', 'Soumia']",,,,,
734,306,2024-06-22 16:00:32,[],,,,,
735,Honestly he's been playing a strong game of catch up,2024-06-22 16:00:58,[],,,,,
736,307,2024-06-22 17:43:31,[],,,,,
737,Being home has returned my bowels to their regular activity of min twice a day,2024-06-22 17:44:08,"['Eoin', 'Dan', 'Conan', 'Dex']",,,,,
738,I will try to attend this one ð,2024-06-22 19:46:14,['Katie'],,,,,
739,,2024-06-23 01:46:50,"['Eoin', 'Conan']",{'original_content_owner': 'shitheadsteve'},,,,
740,308,2024-06-23 14:40:53,[],,,,,
741,309,2024-06-24 13:49:26,[],,,,,
742,310,2024-06-24 16:16:09,[],,,,,
743,eoin__b reacted ð to your message ,2024-06-25 06:16:42,[],,,,,
744,eoin__b liked a message,2024-06-25 12:57:53,[],,,,,
745,311,2024-06-25 16:59:14,[],,,,,
746,312 during work,2024-06-26 16:57:39,[],,,,,
747,313 now,2024-06-26 16:57:43,[],,,,,
748,314,2024-06-27 11:40:06,[],,,,,
749,,2024-06-27 23:00:34,[],,,"[{'uri': 'your_instagram_activity/messages/inbox/weaponsofassdestruction_6833428546725359/photos/448764601_2048192175574606_4421159932296787793_n_2048192172241273.jpg', 'creation_timestamp': 1719529232}]",,
750,Late to the party,2024-06-27 23:00:48,"['Eoin', 'Dex']",,,,,
751,315,2024-06-28 11:47:14,[],,,,,
752,316,2024-06-28 16:15:55,[],,,,,
753,I hope this fucks with Dexters stats,2024-06-28 16:16:04,[],,,,,
754,eoin__b reacted ð¤ to your message ,2024-06-28 16:17:38,[],,,,,
755,You haven't tested that one yet?,2024-06-28 16:20:17,[],,,,,
756,Conor prefers them suffering with rigor mortis. Heard it here first guys ð,2024-06-28 16:21:07,"['Eoin', 'Ros']",,,,,
757,Jesus ð¤£,2024-06-28 16:21:57,[],,,,,
758,I was kinda thinking of arriving that late too ð¬,2024-06-28 16:24:24,[],,,,,
759,@katieavclong98 what's the parking situation? I'm thinking I'm not arsed with 1hr of public transport so I might just drive and be sober for this one ð,2024-06-28 17:05:35,[],,,,,
760,"Perfect, thank you",2024-06-28 17:07:49,"['Eoin', 'Katie']",,,,,
761,Ros' dad though? ð¤,2024-06-28 18:37:05,[],,,,,
762,I think I'm outside?,2024-06-28 18:37:14,[],,,,,
763,,2024-06-28 18:50:40,[],,,"[{'uri': 'your_instagram_activity/messages/inbox/weaponsofassdestruction_6833428546725359/photos/448665657_7717674714985656_8329178895950849181_n_7717674711652323.jpg', 'creation_timestamp': 1719600639}]",,
764,Scared the shit out of me,2024-06-28 18:50:52,[],,,,,
765,,2024-06-28 20:43:58,"['Eoin', 'Conor', 'Ros', 'Conan']",,,[{'uri': 'your_instagram_activity/messages/inbox/weaponsofassdestruction_6833428546725359/photos/449384939_498277316105313_5826334801176034517_n_1387612772077867'}],,
766,Appropriate for the poop chat meeting,2024-06-28 20:44:05,[],,,,,
767,ðð¸ð²ð· sent an attachment.,2024-06-29 11:24:16,[],"{'link': 'https://www.instagram.com/p/C8zDIv3scby/?id=3401075938890467058_1028372615', 'share_text': '', 'original_content_owner': 'displate'}",,,,
768,317 earlier,2024-06-29 19:54:22,[],,,,,
769,318,2024-06-30 11:48:05,[],,,,,
770,319,2024-06-30 14:36:21,[],,,,,
771,,2024-06-30 20:12:24,"['Eoin', 'Conan']",,,"[{'uri': 'your_instagram_activity/messages/inbox/weaponsofassdestruction_6833428546725359/photos/449342463_463038153090785_7271979240568886017_n_463038149757452.jpg', 'creation_timestamp': 1719778343}]",,
772,320,2024-07-01 06:18:36,[],,,,,
773,eoin__b reacted ð to your message ,2024-07-01 06:19:13,[],,,,,
774,321 ð,2024-07-01 11:17:19,[],,,,,
775,322 earlier,2024-07-02 12:35:58,[],,,,,
776,,2024-07-02 16:54:13,"['Eoin', 'Ros']",,,"[{'uri': 'your_instagram_activity/messages/inbox/weaponsofassdestruction_6833428546725359/photos/448716250_826539982401061_248258731714436917_n_489433793569942.jpg', 'creation_timestamp': 1719939252}]",,
777,323 yesterday,2024-07-04 08:01:55,[],,,,,
778,324,2024-07-04 08:10:49,[],,,,,
779,,2024-07-04 11:13:57,"['Eoin', 'Ros']",,,"[{'uri': 'your_instagram_activity/messages/inbox/weaponsofassdestruction_6833428546725359/photos/449889474_989977312615751_6903290757280762099_n_441525945358939.jpg', 'creation_timestamp': 1720091635}]",,
780,325,2024-07-04 11:17:08,[],,,,,
781,326,2024-07-05 06:09:39,[],,,,,
782,eoin__b liked a message,2024-07-05 20:05:04,[],,,,,
783,327,2024-07-06 08:34:49,[],,,,,
784,328,2024-07-06 11:50:02,[],,,,,
785,329,2024-07-06 15:15:16,[],,,,,
786,330,2024-07-07 13:15:49,[],,,,,
787,Kebab tray took its vengeance,2024-07-07 13:16:15,[],,,,,
788,331,2024-07-07 15:43:04,[],,,,,
789,Held on for the end of the F1 race,2024-07-07 15:43:15,"['Eoin', 'Dan', 'Ros', 'Soumia']",,,,,
790,Yall are now understanding why I pooped much less last week ð«¡,2024-07-07 17:17:30,"['Eoin', 'Stephen']",,,,,
791,ðð¸ð²ð· sent an attachment.,2024-07-08 13:14:11,"['Eoin', 'Conor']","{'link': 'https://www.instagram.com/p/C9KaAEBxaES/?carousel_share_child_media_id=3407607633635953888_2255896031', 'share_text': '', 'original_content_owner': 'scoobydoofruitsnacks'}",,,,
792,"I did six and all were negative. But now 8 days on, I'm still suffering. Had to take more days off",2024-07-08 17:32:49,[],,,,,
793,332,2024-07-10 10:54:43,[],,,,,
794,Yesterday,2024-07-10 10:54:45,[],,,,,
795,333 ð,2024-07-10 10:55:00,[],,,,,
796,Now,2024-07-10 10:55:03,[],,,,,
797,ðð¸ð²ð· sent an attachment.,2024-07-11 10:02:01,[],"{'link': 'https://www.instagram.com/reel/C7CvVEUMnjQ/?id=3369463627155405008_65408938497', 'share_text': ""The saddest accident I've ever sharedð\x9f\x98\xad (Birds are aviators too!!!)\n\n#Aviation #Airplanes #Flight #Aircraft #FlyHigh #Skybound #Wings #JetLife #Avgeek #PilotLife #AirTravel #PlaneSpotting #AirForce #CommercialAviation #PrivateJet #Runway #AeroSpace #AviationDaily #CockpitView #Airshow #AviationPhotography #FlyingSolo #Airbus #Boeing #Skyline #AirportLife #FlightDeck #AircraftMaintenance #Flyers #AirTraffic"", 'original_content_owner': 'onlyaviationaccidents'}",,,,
798,334,2024-07-11 11:21:57,[],,,,,
799,335,2024-07-11 17:21:04,[],,,,,
800,Had a spice bag followed by a coffee,2024-07-11 17:21:12,[],,,,,
801,He just wants to take the lead that badly,2024-07-11 21:49:38,[],,,,,
802,ðð¸ð²ð· sent an attachment.,2024-07-12 07:55:01,"['Eoin', 'Stephen']","{'link': 'https://www.instagram.com/p/C9TZFcmPOl3/', 'share_text': 'The power of the mind knows no bounds. Tap to buy the shirt ð\x9f\x9a¨', 'original_content_owner': 'shitheadsteve'}",,,,
803,336 earlier,2024-07-12 23:51:58,"['Eoin', 'Dex']",,,,,
804,ðð¸ð²ð· sent an attachment.,2024-07-13 11:59:27,"['Eoin', 'Stephen', 'Dex']","{'link': 'https://www.instagram.com/p/C9PxawNIUt2/?carousel_share_child_media_id=3409160772157326202_5447961237', 'share_text': '', 'original_content_owner': 'pun_bible'}",,,,
805,337,2024-07-13 12:11:13,[],,,,,
806,eoin__b liked a message,2024-07-13 16:33:20,[],,,,,
807,338 yesterday evening,2024-07-14 12:22:00,[],,,,,
808,339 now,2024-07-14 12:22:04,[],,,,,
809,340ðª,2024-07-14 15:36:59,[],,,,,
810,341,2024-07-15 10:11:01,[],,,,,
811,342,2024-07-16 10:44:05,[],,,,,
812,Been anticipating that one for a while ðª,2024-07-16 10:44:16,[],,,,,
813,,2024-07-17 06:44:49,"['Eoin', 'Dan']",{'original_content_owner': 'shitheadsteve'},,,,
814,343 this morning,2024-07-17 13:31:47,[],,,,,
815,344 now,2024-07-17 13:31:52,[],,,,,
816,Both on company time ð,2024-07-17 13:31:59,[],,,,,
817,,2024-07-17 13:36:04,"['Eoin', 'Soumia']",,,[{'uri': 'your_instagram_activity/messages/inbox/weaponsofassdestruction_6833428546725359/photos/451650088_828100052339051_3451909285751460658_n_1019890526506892'}],,
818,It's my own personal throne ð,2024-07-17 13:36:37,"['Eoin', 'Soumia']",,,,,
819,Nope. It's in the maintenance room in the basement of an apartment block I'm working in ð,2024-07-17 15:27:32,"['Eoin', 'Soumia']",,,,,
820,,2024-07-17 16:28:12,[],,,,"[{'uri': 'your_instagram_activity/messages/inbox/weaponsofassdestruction_6833428546725359/videos/451574874_8783107961706560_1988756793597425580_n_864229915584963.mp4', 'creation_timestamp': 1721233684}]",
821,Throw a bed in there and the landlords of Dublin would rent it out for 1k a month ð,2024-07-17 16:28:26,"['Eoin', 'Ros']",,,,,
822,ðð¸ð²ð· sent an attachment.,2024-07-18 10:10:13,"['Eoin', 'Soumia']","{'link': 'https://www.instagram.com/reel/C9ViA8EoF42/?id=3410781890886524470_33952804894', 'share_text': 'BMW (Bayerische Motoren Werke AG), founded in 1916, is a leading German luxury automobile manufacturer headquartered in Munich. Initially a producer of aircraft engines, BMW shifted to motorcycle production in 1923 and automobile manufacturing in 1928. Known for its engineering excellence, performance, and innovation, BMW has established itself as a premium brand in the global automotive market.\n\nBMWâ\x80\x99s product lineup includes luxury sedans, sports cars, SUVs, and motorcycles. Iconic models such as the 3 Series, 5 Series, and 7 Series sedans, along with the X Series SUVs, have been instrumental in defining the brandâ\x80\x99s reputation for quality and driving pleasure. The company also owns Mini and Rolls-Royce, expanding its footprint in the premium automotive sector.\n\nInnovation is a cornerstone of BMWâ\x80\x99s strategy, reflected in its early adoption of electric and hybrid technologies. The BMW i sub-brand, launched in 2011, focuses on sustainable mobility solutions with models like the i3 electric car and the i8 plug-in hybrid sports car. BMWâ\x80\x99s commitment to sustainability extends to its production processes, aiming for resource-efficient manufacturing and reduced emissions.\n\nBMW is also at the forefront of autonomous driving and connected car technologies, investing heavily in research and development. The companyâ\x80\x99s vision for the future includes integrating advanced driver-assistance systems and leveraging artificial intelligence to enhance the driving experience.\n\nWith a strong presence in motorsports, BMW has a rich racing heritage, further enhancing its brand image. The companyâ\x80\x99s success is underpinned by its commitment to quality, innovation, and performance, maintaining its position as a leader in the luxury automotive market.', 'original_content_owner': 'jokincentral'}",,,,
823,345,2024-07-18 13:58:47,[],,,,,
824,346 ðª,2024-07-19 12:39:55,[],,,,,
825,eoin__b liked a message,2024-07-19 12:40:00,[],,,,,
826,347,2024-07-20 15:00:33,[],,,,,
827,348,2024-07-21 11:20:46,[],,,,,
828,349,2024-07-21 15:08:04,[],,,,,
829,Ros' house xo,2024-07-21 15:08:09,"['Eoin', 'Dan', 'Ros']",,,,,
830,Where's the hidden camera?,2024-07-21 15:08:57,[],,,,,
831,250 ð,2024-07-21 17:03:49,[],,,,,
832,eoin__b liked a message,2024-07-21 18:01:59,[],,,,,
833,The fact that I didn't even question it after typing it ð,2024-07-21 18:02:18,[],,,,,
834,350,2024-07-21 18:02:21,"['Eoin', 'Ros']",,,,,
835,**,2024-07-21 18:02:24,[],,,,,
836,eoin__b liked a message,2024-07-21 18:02:56,[],,,,,
837,351,2024-07-22 07:12:27,[],,,,,
838,10mins into company time,2024-07-22 07:12:34,[],,,,,
839,351,2024-07-22 09:35:51,[],,,,,
840,353,2024-07-22 13:37:30,[],,,,,
841,I might have added too much chilli to last night's dinner,2024-07-22 13:37:50,"['Eoin', 'Soumia']",,,,,
842,eoin__b reacted ð to your message ,2024-07-22 15:31:15,[],,,,,
843,354,2024-07-23 12:13:33,[],,,,,
844,ðð¸ð²ð· sent an attachment.,2024-07-23 12:53:11,"['Eoin', 'Conan']","{'link': 'https://www.instagram.com/p/C5s1Ss3S3bq/', 'share_text': 'They donâ\x80\x99t call me Vladimir Pootinâ\x80\x99 for nothin ð\x9f\x90¸\n.\n.\nCredit:Â\xa0@dancartergraphics\n#frogsÂ\xa0#frogfactsÂ\xa0#frogsofinstagramÂ\xa0#froggylandÂ\xa0#froggy_explorersÂ\xa0#frogcoreÂ\xa0#frogposeÂ\xa0#frogmemesÂ\xa0#frogloveÂ\xa0#froggoÂ\xa0#phrogÂ\xa0#phrogmemesÂ\xa0#wholesomememesÂ\xa0#ð\x9f\x90¸', 'original_content_owner': 'frog_lover_life'}",,,,
845,355,2024-07-24 07:23:24,[],,,,,
846,356,2024-07-25 22:03:46,[],,,,,
847,Splash back ð,2024-07-25 22:03:59,"['Eoin', 'Dan', 'Soumia']",,,,,
848,357,2024-07-26 07:14:33,[],,,,,
849,358,2024-07-26 13:51:09,[],,,,,
850,359,2024-07-27 09:10:26,[],,,,,
851,I actually don't think I've done more than 4 in a day so far this year. I think Conan beat me on that one,2024-07-27 14:12:31,"['Eoin', 'Soumia']",,,,,
852,Conn-osaurus rex,2024-07-27 14:13:54,"['Eoin', 'Katie']",,,,,
853,360 ð,2024-07-28 01:40:04,[],,,,,
854,Just home from a night out kinda poo ðª,2024-07-28 01:40:26,[],,,,,
855,361,2024-07-28 20:12:47,[],,,,,
856,362,2024-07-29 07:56:37,[],,,,,
857,363,2024-07-29 08:22:30,[],,,,,
858,364,2024-07-30 07:41:55,[],,,,,
859,365,2024-07-30 21:08:59,[],,,,,
860,I've shit a whole year ð,2024-07-30 21:09:09,"['Eoin', 'Dan', 'Ros', 'Soumia', 'Katie', 'Dex']",,,,,
861,366,2024-07-31 09:39:32,[],,,,,
862,367,2024-07-31 17:01:54,[],,,,,
863,Definitely... I could probably get most people's CAO points in my count ð,2024-08-01 16:38:38,"['Eoin', 'Dan', 'Ros', 'Dex']",,,,,
864,eoin__b liked a message,2024-08-01 16:39:28,[],,,,,
865,368 this morning,2024-08-01 20:15:47,[],,,,,
866,369 this evening ð,2024-08-01 20:16:08,"['Eoin', 'Dex']",,,,,
867,eoin__b liked a message,2024-08-02 06:10:47,[],,,,,
868,370,2024-08-02 15:31:46,[],,,,,
869,ðð¸ð²ð· sent an attachment.,2024-08-03 12:14:43,"['Eoin', 'Dex']","{'link': 'https://www.instagram.com/p/C93houyseEx/', 'share_text': '', 'original_content_owner': 'southpaw_divas_boutique'}",,,,
870,It's a 5D experience,2024-08-03 14:32:11,[],,,,,
871,Speaking of which...,2024-08-03 14:32:37,[],,,,,
872,371,2024-08-03 14:32:39,[],,,,,
873,And 372,2024-08-03 14:32:46,[],,,,,
874,,2024-08-04 10:26:22,"['Eoin', 'Ros', 'Dex']",{'original_content_owner': 'shitheadsteve'},,,,
875,,2024-08-04 11:36:44,[],,,"[{'uri': 'your_instagram_activity/messages/inbox/weaponsofassdestruction_6833428546725359/photos/453339936_832634121925324_5118408397081234236_n_1716387519098405.jpg', 'creation_timestamp': 1722771403}]",,
876,373,2024-08-05 10:16:07,[],,,,,
877,eoin__b liked a message,2024-08-05 13:50:01,[],,,,,
878,374,2024-08-05 13:50:10,[],,,,,
879,ðð¸ð²ð· sent an attachment.,2024-08-05 22:51:14,"['Eoin', 'Ros']",,,,,
880,375,2024-08-06 12:12:38,[],,,,,
881,ðð¸ð²ð· sent an attachment.,2024-08-06 12:16:18,"['Eoin', 'Dan']","{'link': 'https://www.instagram.com/p/C-T2xfwPbqK/?carousel_share_child_media_id=3428324632136911338_1364166629', 'share_text': '', 'original_content_owner': 'shitheadsteve'}",,,,
882,376,2024-08-07 07:42:34,[],,,,,
883,377 earlier,2024-08-08 12:20:46,[],,,,,
884,378,2024-08-08 13:10:41,[],,,,,
885,Two on company time today ð,2024-08-08 13:10:53,"['Eoin', 'Dex']",,,,,
886,Skill issue,2024-08-09 12:12:03,"['Eoin', 'Dex']",,,,,
887,Do it every week ð Peeing while standing on skates is a skill in itself,2024-08-09 12:17:19,[],,,,,
888,I'll put it on my CV,2024-08-09 12:17:29,"['Eoin', 'Ros', 'Dex']",,,,,
889,379,2024-08-09 18:50:00,[],,,,,
890,380,2024-08-10 22:37:56,[],,,,,
891,381,2024-08-11 11:06:44,[],,,,,
892,382,2024-08-11 12:47:00,[],,,,,
893,The family BBQ yesterday is catching up on me,2024-08-11 12:47:15,[],,,,,
894,383,2024-08-11 14:22:52,[],,,,,
895,"I need to stop saying ""fuck it, I'll risk the gluten""",2024-08-11 14:23:09,"['Eoin', 'Soumia']",,,,,
896,384,2024-08-11 20:49:36,[],,,,,
897,385,2024-08-12 07:25:16,[],,,,,
898,386,2024-08-13 17:35:02,[],,,,,
899,eoin__b liked a message,2024-08-13 20:57:17,[],,,,,
900,387,2024-08-14 08:23:35,[],,,,,
901,ðð¸ð²ð· sent an attachment.,2024-08-14 13:52:24,"['Eoin', 'Ros']","{'link': 'https://www.instagram.com/reel/C72mSRxsGDJ/?id=3384060551820763337_48514868499', 'share_text': 'Donâ\x80\x99t let it touch you.', 'original_content_owner': 'aerialresupplycoffee'}",,,,
902,ðð¸ð²ð· sent an attachment.,2024-08-14 21:20:45,[],"{'link': 'https://www.instagram.com/reel/C-crBQGI9dh/?id=3430806218151810913_480754834', 'share_text': 'Oh toll ð\x9f\x98\x82ð\x9f\x98\x82ð\x9f\x98\x82', 'original_content_owner': '7sekundenvideoz'}",,,,
903,388,2024-08-15 09:26:19,[],,,,,
904,389,2024-08-15 13:40:15,[],,,,,
905,ðð¸ð²ð· sent an attachment.,2024-08-16 06:04:48,"['Eoin', 'Conan']","{'link': 'https://www.instagram.com/p/C87DCd1xiCN/?carousel_share_child_media_id=3403279983484163856_31768488', 'share_text': '', 'original_content_owner': 'mattczap'}",,,,
906,390 this morning,2024-08-16 15:42:39,[],,,,,
907,391 now,2024-08-16 15:42:42,[],,,,,
908,ðð¸ð²ð· sent an attachment.,2024-08-16 18:23:02,[],"{'link': 'https://www.instagram.com/reel/C9TlVLdB-cV/?id=3410233525977736981_59855074675', 'share_text': ""Eeyyy\nThank you for 15 million views ð\x9f\x99\x8c\n.\nHere's a simple and tasty fried rice recipe:\nð\x9f\x8fµï¸\x8f Ingredients:\n- 2 cups cooked rice (preferably cold)\n- 2 tablespoons vegetable oil\n- 2 cloves garlic, minced\n- 1 small onion, finely chopped\n- 1 cup mixed vegetables (e.g., peas, carrots, corn)\n- 2 eggs, beaten\n- 3 tablespoons soy sauce\n- Salt and pepper to taste\n- 2 green onions, sliced (optional)\n- 1 teaspoon sesame oil (optional)\n\nð\x9f\x8c¼ Instructions:\n1. **Prepare the Rice:** If using freshly cooked rice, spread it out on a tray to cool. Cold rice works best for frying.\n2. **Heat the Oil:** In a large skillet or wok, heat the vegetable oil over medium-high heat.\n3. **Cook the Aromatics:** Add the minced garlic and chopped onion to the skillet. SautÃ© until fragrant and the onion is translucent, about 2-3 minutes.\n4. **Add Vegetables:** Stir in the mixed vegetables and cook for another 2-3 minutes until they are tender.\n5. **Scramble the Eggs:** Push the vegetables to one side of the skillet and pour the beaten eggs into the other side. Scramble the eggs until fully cooked.\n6. **Combine:** Mix the scrambled eggs with the vegetables.\n7. **Add Rice:** Add the cold rice to the skillet, breaking up any clumps. Stir-fry everything together, ensuring the rice is evenly coated with the oil and vegetables.\n8. **Season:** Pour the soy sauce over the rice and stir well to combine. Add salt and pepper to taste.\n9. **Optional Add-ins:** For extra flavor, you can add sliced green onions and a teaspoon of sesame oil.\n10. **Serve:** Once everything is well combined and heated through, remove from heat and serve immediately.\n\nEnjoy your delicious and simple fried rice!"", 'original_content_owner': 'funi.ting'}",,,,
909,392,2024-08-17 10:25:43,[],,,,,
910,393,2024-08-17 14:43:47,[],,,,,
911,,2024-08-17 23:58:46,"['Eoin', 'Ros', 'Katie']",,,"[{'uri': 'your_instagram_activity/messages/inbox/weaponsofassdestruction_6833428546725359/photos/453896484_1964207037356046_4262967659384315966_n_1964207034022713.jpg', 'creation_timestamp': 1723939125}]",,
912,Thought the chat would appreciate,2024-08-17 23:58:57,[],,,,,
913,,2024-08-17 23:59:29,[],,,[{'uri': 'your_instagram_activity/messages/inbox/weaponsofassdestruction_6833428546725359/photos/456054212_1525300578089443_1621167461725835009_n_1716117125811756'}],,
914,Also this in the same place ð,2024-08-17 23:59:41,[],,,,,
915,394,2024-08-18 11:16:19,[],,,,,
916,395 yesterday,2024-08-19 10:10:28,[],,,,,
917,396 now,2024-08-19 10:10:32,[],,,,,
918,397,2024-08-20 07:30:36,[],,,,,
919,ðð¸ð²ð· sent an attachment.,2024-08-20 20:49:11,[],"{'link': 'https://www.instagram.com/reel/C8WbpZ1yZg5/?id=3393020961770543161_63853154933', 'share_text': 'Only in Australia ð\x9f\x95·ï¸\x8fð\x9f\x98±ð\x9f\x98±\n#Australia #travel #spider #toilet #funnyvideo #fyp #helpme', 'original_content_owner': 'fordwheeldriving'}",,,,
920,398,2024-08-21 08:54:10,[],,,,,
921,ð,2024-08-21 08:54:19,[],,,,,
922,,2024-08-21 08:58:13,"['Eoin', 'Ros']",,,[{'uri': 'your_instagram_activity/messages/inbox/weaponsofassdestruction_6833428546725359/photos/456066339_1961185807639172_8281103111228381112_n_767800131999864'}],,
923,On the throne again,2024-08-21 08:58:19,[],,,,,
924,I also had to use it while the maintenance man was there. I warned him but he insisted he'd be fine with his airpods... There was only a shower curtain and a wall with no door between us ð,2024-08-21 09:53:24,[],,,,,
925,You could argue that's the same as a cubicle in a public toilet but it didn't feel right,2024-08-21 09:53:51,[],,,,,
926,ðð¸ð²ð· sent an attachment.,2024-08-22 07:54:47,"['Eoin', 'Dan', 'Ros']","{'link': 'https://www.instagram.com/reel/C9pxz7lPWe6/?id=3416480865285138362_31281732024', 'share_text': 'Hopefully I never grow up.\n\n#funny', 'original_content_owner': 'teamsucklessgolf'}",,,,
927,399,2024-08-22 09:27:23,[],,,,,
928,Throne day 2,2024-08-22 09:27:28,[],,,,,
929,400 ð,2024-08-23 06:32:09,"['Eoin', 'Conor', 'Dan', 'Katie', 'Dex']",,,,,
930,401,2024-08-23 16:12:29,[],,,,,
931,eoin__b liked a message,2024-08-24 10:35:32,[],,,,,
932,eoin__b reacted ð® to your message ,2024-08-24 10:35:46,[],,,,,
933,I need to try that,2024-08-24 10:36:03,"['Eoin', 'Dex']",,,,,
934,402,2024-08-24 10:47:20,[],,,,,
935,ðð¸ð²ð· sent an attachment.,2024-08-25 00:13:33,[],"{'link': 'https://www.instagram.com/reel/C99DTDOuPau/?id=3421905795149264558_67697304376', 'share_text': 'Human biome project #donate', 'original_content_owner': 'lookitseric_'}",,,,
936,ðð¸ð²ð· sent an attachment.,2024-08-25 00:16:36,[],"{'link': 'https://www.instagram.com/reel/C-ogb9tShSu/?id=3434137375042311342_25501094550', 'share_text': 'The Adventures of Clutz', 'original_content_owner': 'bloodybrilliantbeers'}",,,,
937,403,2024-08-26 08:39:58,[],,,,,
938,Whoever asked if we'd reach our CAO points in our count - I have ð«¡ð¤£,2024-08-26 08:40:49,"['Eoin', 'Dan', 'Soumia', 'Conan', 'Dex']",,,,,
939,This chat really has us all too comfortable with each other ð,2024-08-26 19:24:29,"['Eoin', 'Soumia']",,,,,
940,That actually sounds cool. We can see who's used the most public toilets haha,2024-08-26 19:34:13,"['Eoin', 'Soumia']",,,,,
941,ðð¸ð²ð· sent an attachment.,2024-08-27 09:40:44,[],,,,,
942,404,2024-08-27 12:52:31,[],,,,,
943,It's my body sending an error message for eating gluten,2024-08-27 12:53:26,[],,,,,
944,405,2024-08-28 07:10:25,[],,,,,
945,eoin__b liked a message,2024-08-28 20:22:51,[],,,,,
946,406,2024-08-29 08:08:28,[],,,,,
947,And 407,2024-08-29 08:08:35,[],,,,,
948,Gotta keep my numbers up now that Stephen is catching on me,2024-08-29 08:08:48,[],,,,,
949,"I feel like we need a party to celebrate because at this rate, you're not making it to 200ð",2024-08-29 12:55:10,"['Eoin', 'Dan', 'Ros']",,,,,
950,408,2024-08-30 08:36:17,[],,,,,
951,eoin__b reacted ð to your message ,2024-08-31 13:12:05,[],,,,,
952,409,2024-08-31 13:57:43,[],,,,,
953,410,2024-09-01 09:46:48,[],,,,,
954,"Which reminds me, forgot to update 411",2024-09-01 20:27:03,"['Eoin', 'Ros']",,,,,
955,411,2024-09-02 15:29:52,[],,,,,
956,412,2024-09-03 09:06:57,[],,,,,
957,eoin__b reacted ð to your message ,2024-09-03 09:13:31,[],,,,,
958,eoin__b reacted ð® to your message ,2024-09-03 09:13:59,[],,,,,
959,eoin__b liked a message,2024-09-03 09:14:20,[],,,,,
960,Thanks for the shout out Dex. I really have been trying ð¤ð,2024-09-03 09:14:53,"['Eoin', 'Dex']",,,,,
961,Also love the comparisons with your stats,2024-09-03 09:15:04,[],,,,,
962,eoin__b liked a message,2024-09-03 14:38:13,[],,,,,
963,413,2024-09-04 12:15:22,[],,,,,
964,414,2024-09-05 07:52:25,[],,,,,
965,415,2024-09-06 10:54:36,[],,,,,
966,416,2024-09-06 12:37:32,[],,,,,
967,The earlier one was only a Part 1 because the boss was coming to site ðª,2024-09-06 12:37:53,[],,,,,
968,417,2024-09-07 09:32:56,[],,,,,
969,418,2024-09-07 12:26:50,[],,,,,
970,419,2024-09-08 10:42:15,[],,,,,
971,420,2024-09-08 14:59:58,[],,,,,
972,,2024-09-08 15:00:44,"['Eoin', 'Conor', 'Ros', 'Dex']","{'link': 'https://media0.giphy.com/media/v1.Y2lkPTQyMzA0NmQweXI4b25zeHlwZm0xenVsNmY3a3BscmV3bno5bThiZjRubDBpOXB0ZyZlcD12MV9naWZzX2dpZklkJmN0PWc/VcA03sPEAFeKRNHbJs/200.gif', 'original_content_owner': 'theoffice'}",,,,
973,421,2024-09-09 07:32:08,[],,,,,
974,422,2024-09-09 10:30:30,[],,,,,
975,Honestly like something died inside me,2024-09-09 10:30:45,"['Eoin', 'Ros']",,,,,
976,423,2024-09-09 14:03:01,[],,,,,
977,I am not well,2024-09-09 14:03:05,[],,,,,
978,424,2024-09-10 07:05:19,[],,,,,
979,425,2024-09-10 17:06:27,[],,,,,
980,426,2024-09-11 07:20:54,[],,,,,
981,427,2024-09-12 14:09:29,[],,,,,
982,428 this morning,2024-09-13 12:39:09,[],,,,,
983,429 now,2024-09-13 12:39:14,[],,,,,
984,,2024-09-14 21:27:27,"['Eoin', 'Dex']",,,"[{'uri': 'your_instagram_activity/messages/inbox/weaponsofassdestruction_6833428546725359/photos/457416362_800340138689014_6155617265509621379_n_800340135355681.jpg', 'creation_timestamp': 1726349245}]",,
985,ðð¸ð²ð· sent an attachment.,2024-09-15 00:09:58,"['Eoin', 'Dex']","{'link': 'https://www.instagram.com/reel/C-7XPqTNGrQ/?id=3439444971708771024_60095235214', 'share_text': 'Follow @rick.ble for more content like this\n.\n.\n.\n.\n.\n.\n.\n.\n.\nChicken Tikka Masala - tender chunks of marinated chargrilled chicken in a creamy mild sauce with garlic, ginger and spices. Kids and adults alike love this dish.\nPrep Time:\n20 minutes mins\nCook Time:\n40 minutes mins\nServings: 4\nCourse: Dinner\nCuisine: British, Indian\n\nIngredients\n\n â\x96¢ 3 chicken breasts chopped into bite-size chunks\n â\x96¢ 120 ml (1/2 cup) Greek yogurt or thick natural yogurt (full-fat)\n â\x96¢ 2 cloves garlic peeled and minced\n â\x96¢ 1 tbsp minced ginger\n â\x96¢ juice of half a lemon\n â\x96¢ 1 tsp ground coriander\n â\x96¢ Â½ tsp turmeric\n â\x96¢ Â½ tsp cumin\n â\x96¢ 1 tsp paprika\n â\x96¢ Â½ tsp mild chilli powder or hot if you like it spicy\n â\x96¢ 1 pinch of cinnamon\n â\x96¢ Â½ tsp salt\n â\x96¢ Â½ tsp black pepper\n â\x96¢ 2 tbsp vegetable oil (for brushing onto the chicken before grilling)\n\nMasala Sauce:\n\n â\x96¢ 1 tbsp vegetable oil\n â\x96¢ 1 tbsp unsalted butter\n â\x96¢ 1 onion finely chopped\n â\x96¢ 3 cloves garlic peeled and minced\n â\x96¢ 2 tsp minced ginger\n â\x96¢ 1 tsp garam masala\n â\x96¢ 2 tsp ground coriander\n â\x96¢ 2 tsp paprika\n â\x96¢ 1 tsp cumin\n â\x96¢ Â½ tsp cinnamon\n â\x96¢ 2 tbsp tomato puree paste for US\n â\x96¢ 1 red bell pepper de-seeded and sliced\n â\x96¢ 400 g (14 oz) tin chopped tomatoes\n â\x96¢ 120 ml (1/2 cup) water\n â\x96¢ 180 ml (3/4 cup) double/heavy cream\n â\x96¢ 3 tbsp ground almonds\n â\x96¢ 1 tbsp brown sugar\n\nTo Serve:\n\n â\x96¢ boiled rice\n â\x96¢ 1 tbsp finely chopped fresh coriander (cilantro)\n â\x96¢ chopped fresh chillies (optional)', 'original_content_owner': 'rick.ble'}",,,,
986,439,2024-09-15 09:42:34,[],,,,,
987,431,2024-09-15 13:11:40,[],,,,,
988,432,2024-09-15 20:54:28,[],,,,,
989,433,2024-09-16 10:23:47,[],,,,,
990,434,2024-09-16 20:30:23,[],,,,,
991,I've been surprisingly intermittent recently. You might take the win again this year,2024-09-16 20:31:09,[],,,,,
992,If you consider it a win... ð«¤,2024-09-16 20:31:26,[],,,,,
993,,2024-09-16 20:31:53,"['Eoin', 'Conan']","{'link': 'https://media2.giphy.com/media/v1.Y2lkPTQyMzA0NmQwdm1pZHlzZ3Y2NWxmdDhwZ3V1YTM4ZXhjejQwNnkwM2wxZ2tzczZnbSZlcD12MV9naWZzX2dpZklkJmN0PWc/82EFxN2hzi2DZo4JTz/200.gif', 'original_content_owner': 'UG_STUDIOS'}",,,,
994,Conan later this year after drinking multiple coffees a day ^,2024-09-16 20:32:15,"['Eoin', 'Conan']",,,,,
995,435,2024-09-17 10:03:06,[],,,,,
996,In you or us? ð¤,2024-09-17 10:03:44,[],,,,,
997,436,2024-09-18 06:23:16,[],,,,,
998,437,2024-09-19 07:20:34,[],,,,,
999,God damn slow down,2024-09-19 12:14:53,[],,,,,
1000,438,2024-09-20 07:41:36,[],,,,,
1001,My body has really been making a habit of unloading within the first hour of company time ðª,2024-09-20 07:42:29,"['Eoin', 'Conan', 'Dex']",,,,,
1002,439,2024-09-20 16:13:40,[],,,,,
1003,440,2024-09-21 12:19:23,[],,,,,
1004,ðð¸ð²ð· sent an attachment.,2024-09-21 12:21:56,"['Eoin', 'Stephen', 'Dan']","{'link': 'https://www.instagram.com/p/C__ibp7yOwT/?carousel_share_child_media_id=3458634458499565189_1942937884', 'share_text': '', 'original_content_owner': 'openlygayanimals'}",,,,
1005,441,2024-09-21 16:39:17,[],,,,,
1006,442,2024-09-21 21:25:14,[],,,,,
1007,I'm in a different county ð¢,2024-09-21 21:28:14,[],,,,,
1008,Thank you Rosð,2024-09-22 09:25:02,"['Eoin', 'Ros']",,,,,
1009,Aw thanks for thinking of me ð¤,2024-09-22 21:00:32,[],,,,,
1010,"You're right, I forgot to update earlier",2024-09-22 21:00:42,[],,,,,
1011,443 at approximately 11:30am this morning,2024-09-22 21:01:01,"['Eoin', 'Dan', 'Dex']",,,,,
1012,444 ð,2024-09-23 07:40:30,[],,,,,
1013,445,2024-09-23 11:08:08,[],,,,,
1014,The shit was so nasty that his body sent an error code,2024-09-23 11:14:44,"['Eoin', 'Ros']",,,,,
1015,eoin__b liked a message,2024-09-23 12:38:15,[],,,,,
1016,446,2024-09-24 13:19:32,[],,,,,
1017,447,2024-09-25 09:49:31,[],,,,,
1018,448,2024-09-26 08:13:04,[],,,,,
1019,449 earlier,2024-09-26 16:39:30,[],,,,,
1020,Damn. I've been doing it wrong this whole time?!,2024-09-26 16:39:51,[],,,,,
1021,eoin__b liked a message,2024-09-26 19:11:39,[],,,,,
1022,Brave man risking it all to update the chat in her house this early on. I respect it ð¤,2024-09-26 19:13:01,"['Eoin', 'Dan', 'Dex']",,,,,
1023,450,2024-09-27 10:50:06,[],,,,,
1024,451,2024-09-28 13:35:23,[],,,,,
1025,eoin__b liked a message,2024-09-29 02:21:12,[],,,,,
1026,452,2024-09-29 09:17:11,[],,,,,
1027,453,2024-09-29 12:00:05,[],,,,,
1028,454,2024-09-29 17:55:28,[],,,,,
